2023-01-17T09:40:59+01,0.0,-29999.0,mA,7.558,mA
2023-01-17T09:40:59+01,0.015963,-29999.0,mA,7.558,mA
2023-01-17T09:40:59+01,0.047447,-29999.0,mA,7.558,mA
2023-01-17T09:40:59+01,0.062795,-29999.0,mA,7.558,mA
2023-01-17T09:40:59+01,0.108933,-29999.0,mA,7.558,mA
2023-01-17T09:40:59+01,0.156335,-29999.0,mA,7.558,mA
2023-01-17T09:40:59+01,0.188442,-29999.0,mA,7.558,mA
2023-01-17T09:40:59+01,0.20425,-29999.0,mA,7.558,mA
2023-01-17T09:40:59+01,0.251267,-29999.0,mA,7.558,mA
2023-01-17T09:40:59+01,0.297677,-29999.0,mA,7.558,mA
2023-01-17T09:40:59+01,0.344975,-29999.0,mA,7.558,mA
2023-01-17T09:40:59+01,0.376165,-29999.0,mA,7.558,mA
2023-01-17T09:41:00+01,0.391437,-29999.0,mA,7.558,mA
2023-01-17T09:41:00+01,0.422384,-29999.0,mA,7.558,mA
2023-01-17T09:41:00+01,0.438017,-29999.0,mA,7.558,mA
2023-01-17T09:41:00+01,0.484613,-29999.0,mA,7.558,mA
2023-01-17T09:41:00+01,0.515099,-29999.0,mA,7.558,mA
2023-01-17T09:41:00+01,0.530048,-29999.0,mA,7.558,mA
2023-01-17T09:41:00+01,0.560849,-29999.0,mA,7.558,mA
2023-01-17T09:41:00+01,0.576195,-29999.0,mA,7.558,mA
2023-01-17T09:41:00+01,0.604155,-29999.0,mA,7.558,mA
2023-01-17T09:41:00+01,0.608327,-29999.0,mA,7.558,mA
2023-01-17T09:41:00+01,0.654173,-29999.0,mA,7.558,mA
2023-01-17T09:41:00+01,0.685241,-29999.0,mA,7.558,mA
2023-01-17T09:41:00+01,0.700063,-29999.0,mA,7.558,mA
2023-01-17T09:41:00+01,0.730787,-29999.0,mA,7.558,mA
2023-01-17T09:41:00+01,0.746338,-29999.0,mA,7.558,mA
2023-01-17T09:41:00+01,0.792812,-29999.0,mA,7.558,mA
2023-01-17T09:41:00+01,0.839762,-29999.0,mA,7.558,mA
2023-01-17T09:41:00+01,0.870533,-29999.0,mA,7.558,mA
2023-01-17T09:41:00+01,0.886036,-29999.0,mA,7.558,mA
2023-01-17T09:41:00+01,0.933209,-29999.0,mA,7.558,mA
2023-01-17T09:41:00+01,0.979134,-29999.0,mA,7.558,mA
2023-01-17T09:41:00+01,1.010342,-29999.0,mA,7.558,mA
2023-01-17T09:41:00+01,1.025407,-29999.0,mA,7.558,mA
2023-01-17T09:41:00+01,1.057201,-29999.0,mA,7.558,mA
2023-01-17T09:41:00+01,1.072506,-29999.0,mA,7.558,mA
2023-01-17T09:41:00+01,1.118748,-29999.0,mA,7.558,mA
2023-01-17T09:41:00+01,1.164786,-29999.0,mA,7.558,mA
2023-01-17T09:41:00+01,1.196349,-29999.0,mA,7.558,mA
2023-01-17T09:41:00+01,1.211426,-29999.0,mA,7.558,mA
2023-01-17T09:41:00+01,1.257531,-29999.0,mA,7.558,mA
2023-01-17T09:41:00+01,1.304039,-29999.0,mA,7.558,mA
2023-01-17T09:41:00+01,1.349982,-29999.0,mA,7.558,mA
2023-01-17T09:41:01+01,1.396815,-29999.0,mA,7.558,mA
2023-01-17T09:41:01+01,1.444318,-29999.0,mA,7.558,mA
2023-01-17T09:41:01+01,1.491932,-29999.0,mA,7.558,mA
2023-01-17T09:41:01+01,1.523417,-29999.0,mA,7.558,mA
2023-01-17T09:41:01+01,1.539449,-29999.0,mA,7.558,mA
2023-01-17T09:41:01+01,1.586135,-29999.0,mA,7.558,mA
2023-01-17T09:41:01+01,1.617337,-29999.0,mA,7.558,mA
2023-01-17T09:41:01+01,1.632314,-29999.0,mA,7.558,mA
2023-01-17T09:41:01+01,1.663382,-29999.0,mA,7.558,mA
2023-01-17T09:41:01+01,1.678479,-29999.0,mA,7.558,mA
2023-01-17T09:41:01+01,1.709286,-29999.0,mA,7.558,mA
2023-01-17T09:41:01+01,1.725049,-29999.0,mA,7.558,mA
2023-01-17T09:41:01+01,1.756067,-29999.0,mA,7.558,mA
2023-01-17T09:41:01+01,1.771523,-29999.0,mA,7.558,mA
2023-01-17T09:41:01+01,1.817983,-29999.0,mA,7.558,mA
2023-01-17T09:41:01+01,1.864782,-29999.0,mA,7.558,mA
2023-01-17T09:41:01+01,1.896217,-29999.0,mA,7.558,mA
2023-01-17T09:41:01+01,1.912317,-29999.0,mA,7.558,mA
2023-01-17T09:41:01+01,1.958775,-29999.0,mA,7.558,mA
2023-01-17T09:41:01+01,2.004745,-29999.0,mA,7.558,mA
2023-01-17T09:41:01+01,2.036529,-29999.0,mA,7.558,mA
2023-01-17T09:41:01+01,2.051582,-29999.0,mA,7.558,mA
2023-01-17T09:41:01+01,2.097864,-29999.0,mA,7.558,mA
2023-01-17T09:41:01+01,2.128204,-29999.0,mA,7.558,mA
2023-01-17T09:41:01+01,2.143414,-29999.0,mA,7.558,mA
2023-01-17T09:41:01+01,2.185117,-29999.0,mA,7.558,mA
2023-01-17T09:41:01+01,2.221725,-29999.0,mA,7.558,mA
2023-01-17T09:41:01+01,2.268898,-29999.0,mA,7.558,mA
2023-01-17T09:41:01+01,2.31511,-29999.0,mA,7.558,mA
2023-01-17T09:41:01+01,2.345915,-29999.0,mA,7.558,mA
2023-01-17T09:41:01+01,2.361674,-29999.0,mA,7.558,mA
2023-01-17T09:41:02+01,2.408965,-29999.0,mA,7.558,mA
2023-01-17T09:41:02+01,2.454731,-29999.0,mA,7.558,mA
2023-01-17T09:41:02+01,2.500881,-29999.0,mA,7.558,mA
2023-01-17T09:41:02+01,2.532777,-29999.0,mA,7.558,mA
2023-01-17T09:41:02+01,2.548724,-29999.0,mA,7.558,mA
2023-01-17T09:41:02+01,2.579672,-29999.0,mA,7.558,mA
2023-01-17T09:41:02+01,2.594921,-29999.0,mA,7.558,mA
2023-01-17T09:41:02+01,2.626279,-29999.0,mA,7.558,mA
2023-01-17T09:41:02+01,2.641711,-29999.0,mA,7.558,mA
2023-01-17T09:41:02+01,2.6722,-29999.0,mA,7.558,mA
2023-01-17T09:41:02+01,2.689002,-29999.0,mA,7.558,mA
2023-01-17T09:41:02+01,2.734872,-29999.0,mA,7.558,mA
2023-01-17T09:41:02+01,2.766008,-29999.0,mA,7.558,mA
2023-01-17T09:41:02+01,2.781179,-29999.0,mA,7.558,mA
2023-01-17T09:41:02+01,2.828211,-29999.0,mA,7.557,mA
2023-01-17T09:41:02+01,2.874321,-29999.0,mA,7.558,mA
2023-01-17T09:41:02+01,2.920662,-29999.0,mA,7.558,mA
2023-01-17T09:41:02+01,2.967729,-29999.0,mA,7.558,mA
2023-01-17T09:41:02+01,2.999417,-29999.0,mA,7.558,mA
2023-01-17T09:41:02+01,3.014905,-29999.0,mA,7.558,mA
2023-01-17T09:41:02+01,3.06049,-29999.0,mA,7.558,mA
2023-01-17T09:41:02+01,3.107383,-29999.0,mA,7.558,mA
2023-01-17T09:41:02+01,3.15355,-29999.0,mA,7.558,mA
2023-01-17T09:41:02+01,3.18619,-29999.0,mA,7.558,mA
2023-01-17T09:41:02+01,3.200437,-29999.0,mA,7.558,mA
2023-01-17T09:41:02+01,3.245911,-29999.0,mA,7.558,mA
2023-01-17T09:41:02+01,3.276847,-29999.0,mA,7.558,mA
2023-01-17T09:41:02+01,3.292166,-29999.0,mA,7.558,mA
2023-01-17T09:41:02+01,3.338554,-29999.0,mA,7.558,mA
2023-01-17T09:41:03+01,3.38521,-29999.0,mA,7.558,mA
2023-01-17T09:41:03+01,3.431511,-29999.0,mA,7.558,mA
2023-01-17T09:41:03+01,3.46318,-29999.0,mA,7.558,mA
2023-01-17T09:41:03+01,3.47855,-29999.0,mA,7.558,mA
2023-01-17T09:41:03+01,3.509331,-29999.0,mA,7.558,mA
2023-01-17T09:41:03+01,3.52532,-29999.0,mA,7.558,mA
2023-01-17T09:41:03+01,3.557256,-29999.0,mA,7.558,mA
2023-01-17T09:41:03+01,3.573012,-29999.0,mA,7.558,mA
2023-01-17T09:41:03+01,3.620319,-29999.0,mA,7.558,mA
2023-01-17T09:41:03+01,3.651909,-29999.0,mA,7.558,mA
2023-01-17T09:41:03+01,3.667376,-29999.0,mA,7.558,mA
2023-01-17T09:41:03+01,3.714019,-29999.0,mA,7.558,mA
2023-01-17T09:41:03+01,3.760352,-29999.0,mA,7.558,mA
2023-01-17T09:41:03+01,3.806298,-29999.0,mA,7.558,mA
2023-01-17T09:41:03+01,3.851976,-29999.0,mA,7.558,mA
2023-01-17T09:41:03+01,3.898911,-29999.0,mA,7.558,mA
2023-01-17T09:41:03+01,3.944144,-29999.0,mA,7.559,mA
2023-01-17T09:41:03+01,3.989717,-29999.0,mA,7.558,mA
2023-01-17T09:41:03+01,4.020347,-29999.0,mA,7.558,mA
2023-01-17T09:41:03+01,4.035288,-29999.0,mA,7.558,mA
2023-01-17T09:41:03+01,4.065262,-29999.0,mA,7.558,mA
2023-01-17T09:41:03+01,4.080887,-29999.0,mA,7.558,mA
2023-01-17T09:41:03+01,4.11243,-29999.0,mA,7.558,mA
2023-01-17T09:41:03+01,4.127513,-29999.0,mA,7.558,mA
2023-01-17T09:41:03+01,4.173006,-29999.0,mA,7.558,mA
2023-01-17T09:41:03+01,4.219037,-29999.0,mA,7.558,mA
2023-01-17T09:41:03+01,4.265971,-29999.0,mA,7.558,mA
2023-01-17T09:41:03+01,4.312949,-29999.0,mA,7.558,mA
2023-01-17T09:41:03+01,4.359546,-29999.0,mA,7.558,mA
2023-01-17T09:41:04+01,4.390334,-29999.0,mA,7.558,mA
2023-01-17T09:41:04+01,4.405908,-29999.0,mA,7.558,mA
2023-01-17T09:41:04+01,4.452515,-29999.0,mA,7.558,mA
2023-01-17T09:41:04+01,4.498599,-29999.0,mA,7.558,mA
2023-01-17T09:41:04+01,4.52996,-29999.0,mA,7.558,mA
2023-01-17T09:41:04+01,4.54591,-29999.0,mA,7.558,mA
2023-01-17T09:41:04+01,4.575917,-29999.0,mA,7.558,mA
2023-01-17T09:41:04+01,4.591694,-29999.0,mA,7.558,mA
2023-01-17T09:41:04+01,4.62346,-29999.0,mA,7.558,mA
2023-01-17T09:41:04+01,4.639408,-29999.0,mA,7.558,mA
2023-01-17T09:41:04+01,4.670778,-29999.0,mA,7.558,mA
2023-01-17T09:41:04+01,4.686252,-29999.0,mA,7.558,mA
2023-01-17T09:41:04+01,4.733132,-29999.0,mA,7.558,mA
2023-01-17T09:41:04+01,4.778546,-29999.0,mA,7.558,mA
2023-01-17T09:41:04+01,4.825151,-29999.0,mA,7.558,mA
2023-01-17T09:41:04+01,4.872326,-29999.0,mA,7.558,mA
2023-01-17T09:41:04+01,4.918605,-29999.0,mA,7.558,mA
2023-01-17T09:41:04+01,4.966432,-29999.0,mA,7.558,mA
2023-01-17T09:41:04+01,5.013059,-29999.0,mA,7.558,mA
2023-01-17T09:41:04+01,5.045085,-29999.0,mA,7.558,mA
2023-01-17T09:41:04+01,5.061069,-29999.0,mA,7.558,mA
2023-01-17T09:41:04+01,5.107389,-29999.0,mA,7.558,mA
2023-01-17T09:41:04+01,5.138325,-29999.0,mA,7.558,mA
2023-01-17T09:41:04+01,5.153522,-29999.0,mA,7.558,mA
2023-01-17T09:41:04+01,5.185107,-29999.0,mA,7.558,mA
2023-01-17T09:41:04+01,5.1897,-29999.0,mA,7.558,mA
2023-01-17T09:41:04+01,5.231267,-29999.0,mA,7.558,mA
2023-01-17T09:41:04+01,5.26136,-29999.0,mA,7.558,mA
2023-01-17T09:41:04+01,5.277662,-29999.0,mA,7.558,mA
2023-01-17T09:41:04+01,5.324221,-29999.0,mA,7.558,mA
2023-01-17T09:41:04+01,5.370566,-29999.0,mA,7.559,mA
2023-01-17T09:41:05+01,5.402562,-29999.0,mA,7.559,mA
2023-01-17T09:41:05+01,5.418787,-29999.0,mA,7.558,mA
2023-01-17T09:41:05+01,5.465852,-29999.0,mA,7.558,mA
2023-01-17T09:41:05+01,5.51183,-29999.0,mA,7.558,mA
2023-01-17T09:41:05+01,5.543797,-29999.0,mA,7.558,mA
2023-01-17T09:41:05+01,5.559754,-29999.0,mA,7.558,mA
2023-01-17T09:41:05+01,5.590757,-29999.0,mA,7.558,mA
2023-01-17T09:41:05+01,5.606327,-29999.0,mA,7.558,mA
2023-01-17T09:41:05+01,5.637232,-29999.0,mA,7.558,mA
2023-01-17T09:41:05+01,5.652649,-29999.0,mA,7.558,mA
2023-01-17T09:41:05+01,5.68452,-29999.0,mA,7.558,mA
2023-01-17T09:41:05+01,5.700141,-29999.0,mA,7.558,mA
2023-01-17T09:41:05+01,5.745884,-29999.0,mA,7.558,mA
2023-01-17T09:41:05+01,5.792785,-29999.0,mA,7.558,mA
2023-01-17T09:41:05+01,5.823451,-29999.0,mA,7.558,mA
2023-01-17T09:41:05+01,5.838361,-29999.0,mA,7.558,mA
2023-01-17T09:41:05+01,5.869891,-29999.0,mA,7.558,mA
2023-01-17T09:41:05+01,5.88593,-29999.0,mA,7.558,mA
2023-01-17T09:41:05+01,5.932799,-29999.0,mA,7.558,mA
2023-01-17T09:41:05+01,5.980214,-29999.0,mA,7.558,mA
2023-01-17T09:41:05+01,6.026321,-29999.0,mA,7.558,mA
2023-01-17T09:41:05+01,6.057365,-29999.0,mA,7.558,mA
2023-01-17T09:41:05+01,6.072417,-29999.0,mA,7.558,mA
2023-01-17T09:41:05+01,6.118516,-29999.0,mA,7.558,mA
2023-01-17T09:41:05+01,6.150243,-29999.0,mA,7.558,mA
2023-01-17T09:41:05+01,6.165543,-29999.0,mA,7.558,mA
2023-01-17T09:41:05+01,6.212013,-29999.0,mA,7.558,mA
2023-01-17T09:41:05+01,6.242999,-29999.0,mA,7.558,mA
2023-01-17T09:41:05+01,6.258391,-29999.0,mA,7.558,mA
2023-01-17T09:41:05+01,6.304948,-29999.0,mA,7.558,mA
2023-01-17T09:41:05+01,6.350875,-29999.0,mA,7.558,mA
2023-01-17T09:41:06+01,6.382372,-29999.0,mA,7.558,mA
2023-01-17T09:41:06+01,6.39787,-29999.0,mA,7.558,mA
2023-01-17T09:41:06+01,6.443499,-29999.0,mA,7.558,mA
2023-01-17T09:41:06+01,6.475075,-29999.0,mA,7.558,mA
2023-01-17T09:41:06+01,6.490747,-29999.0,mA,7.558,mA
2023-01-17T09:41:06+01,6.522293,-29999.0,mA,7.558,mA
2023-01-17T09:41:06+01,6.538231,-29999.0,mA,7.558,mA
2023-01-17T09:41:06+01,6.57012,-29999.0,mA,7.558,mA
2023-01-17T09:41:06+01,6.585426,-29999.0,mA,7.558,mA
2023-01-17T09:41:06+01,6.615247,-29999.0,mA,7.558,mA
2023-01-17T09:41:06+01,6.631172,-29999.0,mA,7.558,mA
2023-01-17T09:41:06+01,6.662297,-29999.0,mA,7.558,mA
2023-01-17T09:41:06+01,6.677719,-29999.0,mA,7.558,mA
2023-01-17T09:41:06+01,6.708625,-29999.0,mA,7.558,mA
2023-01-17T09:41:06+01,6.724162,-29999.0,mA,7.558,mA
2023-01-17T09:41:06+01,6.769511,-29999.0,mA,7.558,mA
2023-01-17T09:41:06+01,6.81696,-29999.0,mA,7.558,mA
2023-01-17T09:41:06+01,6.862603,-29999.0,mA,7.558,mA
2023-01-17T09:41:06+01,6.894299,-29999.0,mA,7.558,mA
2023-01-17T09:41:06+01,6.909536,-29999.0,mA,7.558,mA
2023-01-17T09:41:06+01,6.940824,-29999.0,mA,7.558,mA
2023-01-17T09:41:06+01,6.956439,-29999.0,mA,7.558,mA
2023-01-17T09:41:06+01,7.003575,-29999.0,mA,7.558,mA
2023-01-17T09:41:06+01,7.04946,-29999.0,mA,7.558,mA
2023-01-17T09:41:06+01,7.080183,-29999.0,mA,7.558,mA
2023-01-17T09:41:06+01,7.095924,-29999.0,mA,7.558,mA
2023-01-17T09:41:06+01,7.127446,-29999.0,mA,7.558,mA
2023-01-17T09:41:06+01,7.142768,-29999.0,mA,7.558,mA
2023-01-17T09:41:06+01,7.173986,-29999.0,mA,7.558,mA
2023-01-17T09:41:06+01,7.189401,-29999.0,mA,7.558,mA
2023-01-17T09:41:06+01,7.236222,-29999.0,mA,7.558,mA
2023-01-17T09:41:06+01,7.282851,-29999.0,mA,7.558,mA
2023-01-17T09:41:06+01,7.329254,-29999.0,mA,7.558,mA
2023-01-17T09:41:06+01,7.376435,-29999.0,mA,7.558,mA
2023-01-17T09:41:07+01,7.422108,-29999.0,mA,7.558,mA
2023-01-17T09:41:07+01,7.468845,-29999.0,mA,7.558,mA
2023-01-17T09:41:07+01,7.516339,-29999.0,mA,7.558,mA
2023-01-17T09:41:07+01,7.548185,-29999.0,mA,7.558,mA
2023-01-17T09:41:07+01,7.564237,-29999.0,mA,7.558,mA
2023-01-17T09:41:07+01,7.609329,-29999.0,mA,7.558,mA
2023-01-17T09:41:07+01,7.641248,-29999.0,mA,7.558,mA
2023-01-17T09:41:07+01,7.656719,-29999.0,mA,7.558,mA
2023-01-17T09:41:07+01,7.702824,-29999.0,mA,7.558,mA
2023-01-17T09:41:07+01,7.748803,-29999.0,mA,7.558,mA
2023-01-17T09:41:07+01,7.795131,-29999.0,mA,7.558,mA
2023-01-17T09:41:07+01,7.841985,-29999.0,mA,7.558,mA
2023-01-17T09:41:07+01,7.873449,-29999.0,mA,7.558,mA
2023-01-17T09:41:07+01,7.889397,-29999.0,mA,7.558,mA
2023-01-17T09:41:07+01,7.921334,-29999.0,mA,7.558,mA
2023-01-17T09:41:07+01,7.967441,-29999.0,mA,7.558,mA
2023-01-17T09:41:07+01,8.013625,-29999.0,mA,7.558,mA
2023-01-17T09:41:07+01,8.045596,-29999.0,mA,7.558,mA
2023-01-17T09:41:07+01,8.061546,-29999.0,mA,7.558,mA
2023-01-17T09:41:07+01,8.092803,-29999.0,mA,7.558,mA
2023-01-17T09:41:07+01,8.108526,-29999.0,mA,7.558,mA
2023-01-17T09:41:07+01,8.139443,-29999.0,mA,7.558,mA
2023-01-17T09:41:07+01,8.155145,-29999.0,mA,7.558,mA
2023-01-17T09:41:07+01,8.194912,-29999.0,mA,7.558,mA
2023-01-17T09:41:07+01,8.23216,-29999.0,mA,7.558,mA
2023-01-17T09:41:07+01,8.278924,-29999.0,mA,7.558,mA
2023-01-17T09:41:07+01,8.326214,-29999.0,mA,7.558,mA
2023-01-17T09:41:07+01,8.35735,-29999.0,mA,7.558,mA
2023-01-17T09:41:07+01,8.372518,-29999.0,mA,7.558,mA
2023-01-17T09:41:08+01,8.418596,-29999.0,mA,7.558,mA
2023-01-17T09:41:08+01,8.466621,-29999.0,mA,7.558,mA
2023-01-17T09:41:08+01,8.511549,-29999.0,mA,7.558,mA
2023-01-17T09:41:08+01,8.543516,-29999.0,mA,7.558,mA
2023-01-17T09:41:08+01,8.55947,-29999.0,mA,7.558,mA
2023-01-17T09:41:08+01,8.591655,-29999.0,mA,7.558,mA
2023-01-17T09:41:08+01,8.607397,-29999.0,mA,7.558,mA
2023-01-17T09:41:08+01,8.638709,-29999.0,mA,7.558,mA
2023-01-17T09:41:08+01,8.653944,-29999.0,mA,7.558,mA
2023-01-17T09:41:08+01,8.684851,-29999.0,mA,7.558,mA
2023-01-17T09:41:08+01,8.701681,-29999.0,mA,7.559,mA
2023-01-17T09:41:08+01,8.746928,-29999.0,mA,7.558,mA
2023-01-17T09:41:08+01,8.792489,-29999.0,mA,7.558,mA
2023-01-17T09:41:08+01,8.839403,-29999.0,mA,7.558,mA
2023-01-17T09:41:08+01,8.88479,-29999.0,mA,7.558,mA
2023-01-17T09:41:08+01,8.931218,-29999.0,mA,7.558,mA
2023-01-17T09:41:08+01,8.963366,-29999.0,mA,7.558,mA
2023-01-17T09:41:08+01,8.979112,-29999.0,mA,7.558,mA
2023-01-17T09:41:08+01,9.009828,-29999.0,mA,7.558,mA
2023-01-17T09:41:08+01,9.025791,-29999.0,mA,7.558,mA
2023-01-17T09:41:08+01,9.057706,-29999.0,mA,7.558,mA
2023-01-17T09:41:08+01,9.073077,-29999.0,mA,7.558,mA
2023-01-17T09:41:08+01,9.104139,-29999.0,mA,7.558,mA
2023-01-17T09:41:08+01,9.119547,-29999.0,mA,7.558,mA
2023-01-17T09:41:08+01,9.165918,-29999.0,mA,7.558,mA
2023-01-17T09:41:08+01,9.211894,-29999.0,mA,7.558,mA
2023-01-17T09:41:08+01,9.258124,-29999.0,mA,7.558,mA
2023-01-17T09:41:08+01,9.289976,-29999.0,mA,7.558,mA
2023-01-17T09:41:08+01,9.305399,-29999.0,mA,7.558,mA
2023-01-17T09:41:08+01,9.350934,-29999.0,mA,7.558,mA
2023-01-17T09:41:09+01,9.397864,-29999.0,mA,7.558,mA
2023-01-17T09:41:09+01,9.44388,-29999.0,mA,7.558,mA
2023-01-17T09:41:09+01,9.489714,-29999.0,mA,7.558,mA
2023-01-17T09:41:09+01,9.520145,-29999.0,mA,7.558,mA
2023-01-17T09:41:09+01,9.535081,-29999.0,mA,7.558,mA
2023-01-17T09:41:09+01,9.565973,-29999.0,mA,7.558,mA
2023-01-17T09:41:09+01,9.582179,-29999.0,mA,7.558,mA
2023-01-17T09:41:09+01,9.614113,-29999.0,mA,7.558,mA
2023-01-17T09:41:09+01,9.629618,-29999.0,mA,7.558,mA
2023-01-17T09:41:09+01,9.661105,-29999.0,mA,7.558,mA
2023-01-17T09:41:09+01,9.6767,-29999.0,mA,7.558,mA
2023-01-17T09:41:09+01,9.724181,-29999.0,mA,7.558,mA
2023-01-17T09:41:09+01,9.770699,-29999.0,mA,7.558,mA
2023-01-17T09:41:09+01,9.816997,-29999.0,mA,7.558,mA
2023-01-17T09:41:09+01,9.862945,-29999.0,mA,7.558,mA
2023-01-17T09:41:09+01,9.90954,-29999.0,mA,7.558,mA
2023-01-17T09:41:09+01,9.94148,-29999.0,mA,7.558,mA
2023-01-17T09:41:09+01,9.957368,-29999.0,mA,7.558,mA
2023-01-17T09:41:09+01,10.003858,-29999.0,mA,7.558,mA
2023-01-17T09:41:09+01,10.049746,-29999.0,mA,7.558,mA
2023-01-17T09:41:09+01,10.081426,-29999.0,mA,7.558,mA
2023-01-17T09:41:09+01,10.096792,-29999.0,mA,7.558,mA
2023-01-17T09:41:09+01,10.128319,-29999.0,mA,7.558,mA
2023-01-17T09:41:09+01,10.143991,-29999.0,mA,7.558,mA
2023-01-17T09:41:09+01,10.190293,-29999.0,mA,7.558,mA
2023-01-17T09:41:09+01,10.222166,-29999.0,mA,7.558,mA
2023-01-17T09:41:09+01,10.238188,-29999.0,mA,7.558,mA
2023-01-17T09:41:09+01,10.269318,-29999.0,mA,7.558,mA
2023-01-17T09:41:09+01,10.28495,-29999.0,mA,7.558,mA
2023-01-17T09:41:09+01,10.332071,-29999.0,mA,7.558,mA
2023-01-17T09:41:09+01,10.363288,-29999.0,mA,7.558,mA
2023-01-17T09:41:10+01,10.378831,-29999.0,mA,7.558,mA
2023-01-17T09:41:10+01,10.425221,-29999.0,mA,7.558,mA
2023-01-17T09:41:10+01,10.457538,-29999.0,mA,7.558,mA
2023-01-17T09:41:10+01,10.533161,-29999.0,mA,7.558,mA
2023-01-17T09:41:10+01,10.567049,-29999.0,mA,7.558,mA
2023-01-17T09:41:10+01,10.611369,-29999.0,mA,7.558,mA
2023-01-17T09:41:10+01,10.642832,-29999.0,mA,7.558,mA
2023-01-17T09:41:10+01,10.658871,-29999.0,mA,7.558,mA
2023-01-17T09:41:10+01,10.689715,-29999.0,mA,7.558,mA
2023-01-17T09:41:10+01,10.70513,-29999.0,mA,7.558,mA
2023-01-17T09:41:10+01,10.736807,-29999.0,mA,7.558,mA
2023-01-17T09:41:10+01,10.751575,-29999.0,mA,7.558,mA
2023-01-17T09:41:10+01,10.797268,-29999.0,mA,7.558,mA
2023-01-17T09:41:10+01,10.844068,-29999.0,mA,7.558,mA
2023-01-17T09:41:10+01,10.890926,-29999.0,mA,7.558,mA
2023-01-17T09:41:10+01,10.922034,-29999.0,mA,7.558,mA
2023-01-17T09:41:10+01,10.936885,-29999.0,mA,7.558,mA
2023-01-17T09:41:10+01,10.983399,-29999.0,mA,7.558,mA
2023-01-17T09:41:10+01,11.033316,-29999.0,mA,7.558,mA
2023-01-17T09:41:10+01,11.075212,-29999.0,mA,7.558,mA
2023-01-17T09:41:10+01,11.106108,-29999.0,mA,7.558,mA
2023-01-17T09:41:10+01,11.121172,-29999.0,mA,7.56,mA
2023-01-17T09:41:10+01,11.152688,-29999.0,mA,7.56,mA
2023-01-17T09:41:10+01,11.166131,-29999.0,mA,7.561,mA
2023-01-17T09:41:10+01,11.198201,-29999.0,mA,7.561,mA
2023-01-17T09:41:10+01,11.200277,-29999.0,mA,7.561,mA
2023-01-17T09:41:10+01,11.244968,-29999.0,mA,7.561,mA
2023-01-17T09:41:10+01,11.276101,-29999.0,mA,7.561,mA
2023-01-17T09:41:10+01,11.277103,-29999.0,mA,7.561,mA
2023-01-17T09:41:10+01,11.291055,-29999.0,mA,7.561,mA
2023-01-17T09:41:10+01,11.322056,-29999.0,mA,7.561,mA
2023-01-17T09:41:10+01,11.337232,-29999.0,mA,7.561,mA
2023-01-17T09:41:10+01,11.368427,-29999.0,mA,7.561,mA
2023-01-17T09:41:11+01,11.383916,-29999.0,mA,7.561,mA
2023-01-17T09:41:11+01,11.431255,-29999.0,mA,7.561,mA
2023-01-17T09:41:11+01,11.478264,-29999.0,mA,7.561,mA
2023-01-17T09:41:11+01,11.525113,-29999.0,mA,7.56,mA
2023-01-17T09:41:11+01,11.557004,-29999.0,mA,7.56,mA
2023-01-17T09:41:11+01,11.57299,-29999.0,mA,7.561,mA
2023-01-17T09:41:11+01,11.603885,-29999.0,mA,7.561,mA
2023-01-17T09:41:11+01,11.618804,-29999.0,mA,7.561,mA
2023-01-17T09:41:11+01,11.649958,-29999.0,mA,7.561,mA
2023-01-17T09:41:11+01,11.665906,-29999.0,mA,7.561,mA
2023-01-17T09:41:11+01,11.69729,-29999.0,mA,7.561,mA
2023-01-17T09:41:11+01,11.712693,-29999.0,mA,7.561,mA
2023-01-17T09:41:11+01,11.744578,-29999.0,mA,7.561,mA
2023-01-17T09:41:11+01,11.759958,-29999.0,mA,7.561,mA
2023-01-17T09:41:11+01,11.791172,-29999.0,mA,7.561,mA
2023-01-17T09:41:11+01,11.806174,-29999.0,mA,7.561,mA
2023-01-17T09:41:11+01,11.852915,-29999.0,mA,7.561,mA
2023-01-17T09:41:11+01,11.884307,-29999.0,mA,7.561,mA
2023-01-17T09:41:11+01,11.900275,-29999.0,mA,7.561,mA
2023-01-17T09:41:11+01,11.952035,-29999.0,mA,7.561,mA
2023-01-17T09:41:11+01,11.993285,-29999.0,mA,7.561,mA
2023-01-17T09:41:11+01,12.073003,-29999.0,mA,7.561,mA
2023-01-17T09:41:11+01,12.103233,-29999.0,mA,7.561,mA
2023-01-17T09:41:11+01,12.119037,-29999.0,mA,7.56,mA
2023-01-17T09:41:11+01,12.164278,-29999.0,mA,7.561,mA
2023-01-17T09:41:11+01,12.194701,-29999.0,mA,7.561,mA
2023-01-17T09:41:11+01,12.200756,-29999.0,mA,7.561,mA
2023-01-17T09:41:11+01,12.240721,-29999.0,mA,7.56,mA
2023-01-17T09:41:11+01,12.271956,-29999.0,mA,7.56,mA
2023-01-17T09:41:11+01,12.286813,-29999.0,mA,7.561,mA
2023-01-17T09:41:11+01,12.33316,-29999.0,mA,7.561,mA
2023-01-17T09:41:12+01,12.378909,-29999.0,mA,7.561,mA
2023-01-17T09:41:12+01,12.410064,-29999.0,mA,7.561,mA
2023-01-17T09:41:12+01,12.425225,-29999.0,mA,7.561,mA
2023-01-17T09:41:12+01,12.456588,-29999.0,mA,7.561,mA
2023-01-17T09:41:12+01,12.472569,-29999.0,mA,7.561,mA
2023-01-17T09:41:12+01,12.519308,-29999.0,mA,7.561,mA
2023-01-17T09:41:12+01,12.565155,-29999.0,mA,7.561,mA
2023-01-17T09:41:12+01,12.597047,-29999.0,mA,7.561,mA
2023-01-17T09:41:12+01,12.64195,-29999.0,mA,7.561,mA
2023-01-17T09:41:12+01,12.672469,-29999.0,mA,7.561,mA
2023-01-17T09:41:12+01,12.687833,-29999.0,mA,7.561,mA
2023-01-17T09:41:12+01,12.718633,-29999.0,mA,7.561,mA
2023-01-17T09:41:12+01,12.73427,-29999.0,mA,7.561,mA
2023-01-17T09:41:12+01,12.765331,-29999.0,mA,7.561,mA
2023-01-17T09:41:12+01,12.780634,-29999.0,mA,7.561,mA
2023-01-17T09:41:12+01,12.827235,-29999.0,mA,7.561,mA
2023-01-17T09:41:12+01,12.875096,-29999.0,mA,7.561,mA
2023-01-17T09:41:12+01,12.905171,-29999.0,mA,7.561,mA
2023-01-17T09:41:12+01,12.920956,-29999.0,mA,7.561,mA
2023-01-17T09:41:12+01,12.968033,-29999.0,mA,7.561,mA
2023-01-17T09:41:12+01,13.014536,-29999.0,mA,7.561,mA
2023-01-17T09:41:12+01,13.060377,-29999.0,mA,7.561,mA
2023-01-17T09:41:12+01,13.09227,-29999.0,mA,7.561,mA
2023-01-17T09:41:12+01,13.108216,-29999.0,mA,7.561,mA
2023-01-17T09:41:12+01,13.139717,-29999.0,mA,7.561,mA
2023-01-17T09:41:12+01,13.155871,-29999.0,mA,7.561,mA
2023-01-17T09:41:12+01,13.202412,-29999.0,mA,7.56,mA
2023-01-17T09:41:12+01,13.249013,-29999.0,mA,7.56,mA
2023-01-17T09:41:12+01,13.296244,-29999.0,mA,7.561,mA
2023-01-17T09:41:12+01,13.346342,-29999.0,mA,7.561,mA
2023-01-17T09:41:13+01,13.388523,-29999.0,mA,7.561,mA
2023-01-17T09:41:13+01,13.41939,-29999.0,mA,7.561,mA
2023-01-17T09:41:13+01,13.43467,-29999.0,mA,7.561,mA
2023-01-17T09:41:13+01,13.482482,-29999.0,mA,7.561,mA
2023-01-17T09:41:13+01,13.529024,-29999.0,mA,7.561,mA
2023-01-17T09:41:13+01,13.558924,-29999.0,mA,7.561,mA
2023-01-17T09:41:13+01,13.57487,-29999.0,mA,7.561,mA
2023-01-17T09:41:13+01,13.60776,-29999.0,mA,7.561,mA
2023-01-17T09:41:13+01,13.653186,-29999.0,mA,7.561,mA
2023-01-17T09:41:13+01,13.698812,-29999.0,mA,7.561,mA
2023-01-17T09:41:13+01,13.730377,-29999.0,mA,7.561,mA
2023-01-17T09:41:13+01,13.745772,-29999.0,mA,7.56,mA
2023-01-17T09:41:13+01,13.77731,-29999.0,mA,7.56,mA
2023-01-17T09:41:13+01,13.79272,-29999.0,mA,7.561,mA
2023-01-17T09:41:13+01,13.823397,-29999.0,mA,7.561,mA
2023-01-17T09:41:13+01,13.838323,-29999.0,mA,7.561,mA
2023-01-17T09:41:13+01,13.869393,-29999.0,mA,7.561,mA
2023-01-17T09:41:13+01,13.884685,-29999.0,mA,7.561,mA
2023-01-17T09:41:13+01,13.916348,-29999.0,mA,7.561,mA
2023-01-17T09:41:13+01,13.932255,-29999.0,mA,7.561,mA
2023-01-17T09:41:13+01,13.963393,-29999.0,mA,7.561,mA
2023-01-17T09:41:13+01,13.978347,-29999.0,mA,7.561,mA
2023-01-17T09:41:13+01,14.028059,-29999.0,mA,7.561,mA
2023-01-17T09:41:13+01,14.072946,-29999.0,mA,7.561,mA
2023-01-17T09:41:13+01,14.103816,-29999.0,mA,7.561,mA
2023-01-17T09:41:13+01,14.118716,-29999.0,mA,7.561,mA
2023-01-17T09:41:13+01,14.16485,-29999.0,mA,7.561,mA
2023-01-17T09:41:13+01,14.20519,-29999.0,mA,7.561,mA
2023-01-17T09:41:13+01,14.233104,-29999.0,mA,7.561,mA
2023-01-17T09:41:13+01,14.242046,-29999.0,mA,7.56,mA
2023-01-17T09:41:13+01,14.272526,-29999.0,mA,7.56,mA
2023-01-17T09:41:13+01,14.287943,-29999.0,mA,7.561,mA
2023-01-17T09:41:13+01,14.319453,-29999.0,mA,7.561,mA
2023-01-17T09:41:13+01,14.334648,-29999.0,mA,7.561,mA
2023-01-17T09:41:13+01,14.366004,-29999.0,mA,7.561,mA
2023-01-17T09:41:14+01,14.381764,-29999.0,mA,7.56,mA
2023-01-17T09:41:14+01,14.4281,-29999.0,mA,7.561,mA
2023-01-17T09:41:14+01,14.459325,-29999.0,mA,7.561,mA
2023-01-17T09:41:14+01,14.47493,-29999.0,mA,7.561,mA
2023-01-17T09:41:14+01,14.520823,-29999.0,mA,7.561,mA
2023-01-17T09:41:14+01,14.552826,-29999.0,mA,7.561,mA
2023-01-17T09:41:14+01,14.598845,-29999.0,mA,7.561,mA
2023-01-17T09:41:14+01,14.630089,-29999.0,mA,7.561,mA
2023-01-17T09:41:14+01,14.644845,-29999.0,mA,7.561,mA
2023-01-17T09:41:14+01,14.675303,-29999.0,mA,7.561,mA
2023-01-17T09:41:14+01,14.691046,-29999.0,mA,7.561,mA
2023-01-17T09:41:14+01,14.722706,-29999.0,mA,7.561,mA
2023-01-17T09:41:14+01,14.738647,-29999.0,mA,7.561,mA
2023-01-17T09:41:14+01,14.770085,-29999.0,mA,7.561,mA
2023-01-17T09:41:14+01,14.7858,-29999.0,mA,7.561,mA
2023-01-17T09:41:14+01,14.832122,-29999.0,mA,7.561,mA
2023-01-17T09:41:14+01,14.878392,-29999.0,mA,7.56,mA
2023-01-17T09:41:14+01,14.925235,-29999.0,mA,7.561,mA
2023-01-17T09:41:14+01,14.954372,-29999.0,mA,7.561,mA
2023-01-17T09:41:14+01,14.971493,-29999.0,mA,7.561,mA
2023-01-17T09:41:14+01,15.017114,-29999.0,mA,7.561,mA
2023-01-17T09:41:14+01,15.048094,-29999.0,mA,7.561,mA
2023-01-17T09:41:14+01,15.063525,-29999.0,mA,7.561,mA
2023-01-17T09:41:14+01,15.095079,-29999.0,mA,7.561,mA
2023-01-17T09:41:14+01,15.110394,-29999.0,mA,7.561,mA
2023-01-17T09:41:14+01,15.157651,-29999.0,mA,7.561,mA
2023-01-17T09:41:14+01,15.204142,-29999.0,mA,7.561,mA
2023-01-17T09:41:14+01,15.249852,-29999.0,mA,7.561,mA
2023-01-17T09:41:14+01,15.296995,-29999.0,mA,7.561,mA
2023-01-17T09:41:14+01,15.343815,-29999.0,mA,7.561,mA
2023-01-17T09:41:15+01,15.39099,-29999.0,mA,7.561,mA
2023-01-17T09:41:15+01,15.43806,-29999.0,mA,7.561,mA
2023-01-17T09:41:15+01,15.484216,-29999.0,mA,7.561,mA
2023-01-17T09:41:15+01,15.530348,-29999.0,mA,7.561,mA
2023-01-17T09:41:15+01,15.561215,-29999.0,mA,7.561,mA
2023-01-17T09:41:15+01,15.576175,-29999.0,mA,7.561,mA
2023-01-17T09:41:15+01,15.607292,-29999.0,mA,7.561,mA
2023-01-17T09:41:15+01,15.622274,-29999.0,mA,7.561,mA
2023-01-17T09:41:15+01,15.652919,-29999.0,mA,7.561,mA
2023-01-17T09:41:15+01,15.668483,-29999.0,mA,7.561,mA
2023-01-17T09:41:15+01,15.71478,-29999.0,mA,7.561,mA
2023-01-17T09:41:15+01,15.745381,-29999.0,mA,7.561,mA
2023-01-17T09:41:15+01,15.760461,-29999.0,mA,7.561,mA
2023-01-17T09:41:15+01,15.807559,-29999.0,mA,7.561,mA
2023-01-17T09:41:15+01,15.853701,-29999.0,mA,7.561,mA
2023-01-17T09:41:15+01,15.899868,-29999.0,mA,7.561,mA
2023-01-17T09:41:15+01,15.945921,-29999.0,mA,7.56,mA
2023-01-17T09:41:15+01,15.977132,-29999.0,mA,7.56,mA
2023-01-17T09:41:15+01,15.992835,-29999.0,mA,7.561,mA
2023-01-17T09:41:15+01,16.024448,-29999.0,mA,7.561,mA
2023-01-17T09:41:15+01,16.040389,-29999.0,mA,7.561,mA
2023-01-17T09:41:15+01,16.072248,-29999.0,mA,7.561,mA
2023-01-17T09:41:15+01,16.088262,-29999.0,mA,7.561,mA
2023-01-17T09:41:15+01,16.118362,-29999.0,mA,7.561,mA
2023-01-17T09:41:15+01,16.133459,-29999.0,mA,7.561,mA
2023-01-17T09:41:15+01,16.179788,-29999.0,mA,7.561,mA
2023-01-17T09:41:15+01,16.225669,-29999.0,mA,7.561,mA
2023-01-17T09:41:15+01,16.272005,-29999.0,mA,7.561,mA
2023-01-17T09:41:15+01,16.317846,-29999.0,mA,7.561,mA
2023-01-17T09:41:15+01,16.363966,-29999.0,mA,7.56,mA
2023-01-17T09:41:16+01,16.395303,-29999.0,mA,7.56,mA
2023-01-17T09:41:16+01,16.410568,-29999.0,mA,7.561,mA
2023-01-17T09:41:16+01,16.457492,-29999.0,mA,7.561,mA
2023-01-17T09:41:16+01,16.503087,-29999.0,mA,7.561,mA
2023-01-17T09:41:16+01,16.53485,-29999.0,mA,7.561,mA
2023-01-17T09:41:16+01,16.550793,-29999.0,mA,7.561,mA
2023-01-17T09:41:16+01,16.582328,-29999.0,mA,7.561,mA
2023-01-17T09:41:16+01,16.597947,-29999.0,mA,7.561,mA
2023-01-17T09:41:16+01,16.628985,-29999.0,mA,7.561,mA
2023-01-17T09:41:16+01,16.644901,-29999.0,mA,7.561,mA
2023-01-17T09:41:16+01,16.674999,-29999.0,mA,7.561,mA
2023-01-17T09:41:16+01,16.690825,-29999.0,mA,7.561,mA
2023-01-17T09:41:16+01,16.737297,-29999.0,mA,7.561,mA
2023-01-17T09:41:16+01,16.768009,-29999.0,mA,7.561,mA
2023-01-17T09:41:16+01,16.78351,-29999.0,mA,7.561,mA
2023-01-17T09:41:16+01,16.814424,-29999.0,mA,7.561,mA
2023-01-17T09:41:16+01,16.829713,-29999.0,mA,7.561,mA
2023-01-17T09:41:16+01,16.860627,-29999.0,mA,7.561,mA
2023-01-17T09:41:16+01,16.876143,-29999.0,mA,7.561,mA
2023-01-17T09:41:16+01,16.923069,-29999.0,mA,7.561,mA
2023-01-17T09:41:16+01,16.969752,-29999.0,mA,7.561,mA
2023-01-17T09:41:16+01,17.017303,-29999.0,mA,7.561,mA
2023-01-17T09:41:16+01,17.049304,-29999.0,mA,7.561,mA
2023-01-17T09:41:16+01,17.065115,-29999.0,mA,7.561,mA
2023-01-17T09:41:16+01,17.110496,-29999.0,mA,7.561,mA
2023-01-17T09:41:16+01,17.157548,-29999.0,mA,7.561,mA
2023-01-17T09:41:16+01,17.20259,-29999.0,mA,7.561,mA
2023-01-17T09:41:16+01,17.247815,-29999.0,mA,7.561,mA
2023-01-17T09:41:16+01,17.294385,-29999.0,mA,7.561,mA
2023-01-17T09:41:16+01,17.340886,-29999.0,mA,7.561,mA
2023-01-17T09:41:16+01,17.372664,-29999.0,mA,7.561,mA
2023-01-17T09:41:17+01,17.388788,-29999.0,mA,7.561,mA
2023-01-17T09:41:17+01,17.419947,-29999.0,mA,7.561,mA
2023-01-17T09:41:17+01,17.435196,-29999.0,mA,7.561,mA
2023-01-17T09:41:17+01,17.480604,-29999.0,mA,7.561,mA
2023-01-17T09:41:17+01,17.527106,-29999.0,mA,7.561,mA
2023-01-17T09:41:17+01,17.559068,-29999.0,mA,7.561,mA
2023-01-17T09:41:17+01,17.574205,-29999.0,mA,7.561,mA
2023-01-17T09:41:17+01,17.605396,-29999.0,mA,7.561,mA
2023-01-17T09:41:17+01,17.620354,-29999.0,mA,7.561,mA
2023-01-17T09:41:17+01,17.651094,-29999.0,mA,7.561,mA
2023-01-17T09:41:17+01,17.666503,-29999.0,mA,7.561,mA
2023-01-17T09:41:17+01,17.712815,-29999.0,mA,7.561,mA
2023-01-17T09:41:17+01,17.744319,-29999.0,mA,7.561,mA
2023-01-17T09:41:17+01,17.759757,-29999.0,mA,7.561,mA
2023-01-17T09:41:17+01,17.790937,-29999.0,mA,7.561,mA
2023-01-17T09:41:17+01,17.807006,-29999.0,mA,7.561,mA
2023-01-17T09:41:17+01,17.838339,-29999.0,mA,7.561,mA
2023-01-17T09:41:17+01,17.854341,-29999.0,mA,7.561,mA
2023-01-17T09:41:17+01,17.900942,-29999.0,mA,7.561,mA
2023-01-17T09:41:17+01,17.947934,-29999.0,mA,7.56,mA
2023-01-17T09:41:17+01,17.994019,-29999.0,mA,7.561,mA
2023-01-17T09:41:17+01,18.025624,-29999.0,mA,7.561,mA
2023-01-17T09:41:17+01,18.041565,-29999.0,mA,7.561,mA
2023-01-17T09:41:17+01,18.072973,-29999.0,mA,7.561,mA
2023-01-17T09:41:17+01,18.089071,-29999.0,mA,7.56,mA
2023-01-17T09:41:17+01,18.135048,-29999.0,mA,7.561,mA
2023-01-17T09:41:17+01,18.166948,-29999.0,mA,7.561,mA
2023-01-17T09:41:17+01,18.18251,-29999.0,mA,7.56,mA
2023-01-17T09:41:17+01,18.228633,-29999.0,mA,7.561,mA
2023-01-17T09:41:17+01,18.275065,-29999.0,mA,7.561,mA
2023-01-17T09:41:17+01,18.322463,-29999.0,mA,7.561,mA
2023-01-17T09:41:17+01,18.367662,-29999.0,mA,7.561,mA
2023-01-17T09:41:18+01,18.413554,-29999.0,mA,7.561,mA
2023-01-17T09:41:18+01,18.459739,-29999.0,mA,7.561,mA
2023-01-17T09:41:18+01,18.505921,-29999.0,mA,7.561,mA
2023-01-17T09:41:18+01,18.537818,-29999.0,mA,7.561,mA
2023-01-17T09:41:18+01,18.55387,-29999.0,mA,7.561,mA
2023-01-17T09:41:18+01,18.585235,-29999.0,mA,7.561,mA
2023-01-17T09:41:18+01,18.600808,-29999.0,mA,7.56,mA
2023-01-17T09:41:18+01,18.631992,-29999.0,mA,7.56,mA
2023-01-17T09:41:18+01,18.6472,-29999.0,mA,7.561,mA
2023-01-17T09:41:18+01,18.693875,-29999.0,mA,7.561,mA
2023-01-17T09:41:18+01,18.725271,-29999.0,mA,7.561,mA
2023-01-17T09:41:18+01,18.740822,-29999.0,mA,7.561,mA
2023-01-17T09:41:18+01,18.787659,-29999.0,mA,7.561,mA
2023-01-17T09:41:18+01,18.818954,-29999.0,mA,7.561,mA
2023-01-17T09:41:18+01,18.83449,-29999.0,mA,7.561,mA
2023-01-17T09:41:18+01,18.881585,-29999.0,mA,7.561,mA
2023-01-17T09:41:18+01,18.928268,-29999.0,mA,7.561,mA
2023-01-17T09:41:18+01,18.974156,-29999.0,mA,7.561,mA
2023-01-17T09:41:18+01,19.020209,-29999.0,mA,7.561,mA
2023-01-17T09:41:18+01,19.051096,-29999.0,mA,7.561,mA
2023-01-17T09:41:18+01,19.066297,-29999.0,mA,7.561,mA
2023-01-17T09:41:18+01,19.09706,-29999.0,mA,7.561,mA
2023-01-17T09:41:18+01,19.112571,-29999.0,mA,7.561,mA
2023-01-17T09:41:18+01,19.144082,-29999.0,mA,7.561,mA
2023-01-17T09:41:18+01,19.159585,-29999.0,mA,7.561,mA
2023-01-17T09:41:18+01,19.19042,-29999.0,mA,7.561,mA
2023-01-17T09:41:18+01,19.205992,-29999.0,mA,7.561,mA
2023-01-17T09:41:18+01,19.237131,-29999.0,mA,7.561,mA
2023-01-17T09:41:18+01,19.253086,-29999.0,mA,7.561,mA
2023-01-17T09:41:18+01,19.28311,-29999.0,mA,7.561,mA
2023-01-17T09:41:18+01,19.298053,-29999.0,mA,7.561,mA
2023-01-17T09:41:18+01,19.329384,-29999.0,mA,7.561,mA
2023-01-17T09:41:18+01,19.345,-29999.0,mA,7.561,mA
2023-01-17T09:41:18+01,19.376102,-29999.0,mA,7.561,mA
2023-01-17T09:41:19+01,19.391878,-29999.0,mA,7.561,mA
2023-01-17T09:41:19+01,19.422963,-29999.0,mA,7.561,mA
2023-01-17T09:41:19+01,19.438102,-29999.0,mA,7.561,mA
2023-01-17T09:41:19+01,19.469198,-29999.0,mA,7.561,mA
2023-01-17T09:41:19+01,19.484509,-29999.0,mA,7.561,mA
2023-01-17T09:41:19+01,19.531346,-29999.0,mA,7.561,mA
2023-01-17T09:41:19+01,19.563205,-29999.0,mA,7.561,mA
2023-01-17T09:41:19+01,19.578917,-29999.0,mA,7.561,mA
2023-01-17T09:41:19+01,19.625829,-29999.0,mA,7.561,mA
2023-01-17T09:41:19+01,19.65684,-29999.0,mA,7.561,mA
2023-01-17T09:41:19+01,19.672392,-29999.0,mA,7.561,mA
2023-01-17T09:41:19+01,19.719269,-29999.0,mA,7.56,mA
2023-01-17T09:41:19+01,19.765467,-29999.0,mA,7.561,mA
2023-01-17T09:41:19+01,19.796348,-29999.0,mA,7.561,mA
2023-01-17T09:41:19+01,19.811688,-29999.0,mA,7.561,mA
2023-01-17T09:41:19+01,19.84289,-29999.0,mA,7.561,mA
2023-01-17T09:41:19+01,19.858599,-29999.0,mA,7.56,mA
2023-01-17T09:41:19+01,19.904564,-29999.0,mA,7.561,mA
2023-01-17T09:41:19+01,19.952092,-29999.0,mA,7.561,mA
2023-01-17T09:41:19+01,19.997455,-29999.0,mA,7.561,mA
2023-01-17T09:41:19+01,20.029013,-29999.0,mA,7.561,mA
2023-01-17T09:41:19+01,20.044958,-29999.0,mA,7.561,mA
2023-01-17T09:41:19+01,20.074781,-29999.0,mA,7.561,mA
2023-01-17T09:41:19+01,20.090749,-29999.0,mA,7.561,mA
2023-01-17T09:41:19+01,20.121422,-29999.0,mA,7.561,mA
2023-01-17T09:41:19+01,20.13688,-29999.0,mA,7.561,mA
2023-01-17T09:41:19+01,20.183324,-29999.0,mA,7.561,mA
2023-01-17T09:41:19+01,20.213803,-29999.0,mA,7.561,mA
2023-01-17T09:41:19+01,20.229273,-29999.0,mA,7.561,mA
2023-01-17T09:41:19+01,20.260241,-29999.0,mA,7.561,mA
2023-01-17T09:41:19+01,20.275517,-29999.0,mA,7.561,mA
2023-01-17T09:41:19+01,20.322328,-29999.0,mA,7.561,mA
2023-01-17T09:41:19+01,20.354104,-29999.0,mA,7.561,mA
2023-01-17T09:41:19+01,20.369462,-29999.0,mA,7.561,mA
2023-01-17T09:41:20+01,20.400348,-29999.0,mA,7.561,mA
2023-01-17T09:41:20+01,20.416116,-29999.0,mA,7.56,mA
2023-01-17T09:41:20+01,20.461822,-29999.0,mA,7.56,mA
2023-01-17T09:41:20+01,20.507587,-29999.0,mA,7.561,mA
2023-01-17T09:41:20+01,20.538414,-29999.0,mA,7.561,mA
2023-01-17T09:41:20+01,20.553354,-29999.0,mA,7.561,mA
2023-01-17T09:41:20+01,20.584402,-29999.0,mA,7.561,mA
2023-01-17T09:41:20+01,20.59982,-29999.0,mA,7.561,mA
2023-01-17T09:41:20+01,20.645309,-29999.0,mA,7.561,mA
2023-01-17T09:41:20+01,20.676066,-29999.0,mA,7.561,mA
2023-01-17T09:41:20+01,20.69191,-29999.0,mA,7.561,mA
2023-01-17T09:41:20+01,20.723417,-29999.0,mA,7.561,mA
2023-01-17T09:41:20+01,20.739232,-29999.0,mA,7.561,mA
2023-01-17T09:41:20+01,20.785905,-29999.0,mA,7.561,mA
2023-01-17T09:41:20+01,20.83197,-29999.0,mA,7.561,mA
2023-01-17T09:41:20+01,20.863091,-29999.0,mA,7.561,mA
2023-01-17T09:41:20+01,20.878127,-29999.0,mA,7.561,mA
2023-01-17T09:41:20+01,20.924243,-29999.0,mA,7.561,mA
2023-01-17T09:41:20+01,20.969567,-29999.0,mA,7.561,mA
2023-01-17T09:41:20+01,21.016333,-29999.0,mA,7.561,mA
2023-01-17T09:41:20+01,21.048227,-29999.0,mA,7.561,mA
2023-01-17T09:41:20+01,21.064254,-29999.0,mA,7.561,mA
2023-01-17T09:41:20+01,21.095626,-29999.0,mA,7.561,mA
2023-01-17T09:41:20+01,21.111136,-29999.0,mA,7.561,mA
2023-01-17T09:41:20+01,21.157536,-29999.0,mA,7.56,mA
2023-01-17T09:41:20+01,21.203352,-29999.0,mA,7.561,mA
2023-01-17T09:41:20+01,21.249558,-29999.0,mA,7.561,mA
2023-01-17T09:41:20+01,21.29636,-29999.0,mA,7.561,mA
2023-01-17T09:41:20+01,21.327085,-29999.0,mA,7.561,mA
2023-01-17T09:41:20+01,21.342995,-29999.0,mA,7.561,mA
2023-01-17T09:41:21+01,21.389657,-29999.0,mA,7.561,mA
2023-01-17T09:41:21+01,21.437316,-29999.0,mA,7.561,mA
2023-01-17T09:41:21+01,21.469356,-29999.0,mA,7.561,mA
2023-01-17T09:41:21+01,21.48258,-29999.0,mA,7.561,mA
2023-01-17T09:41:21+01,21.513496,-29999.0,mA,7.561,mA
2023-01-17T09:41:21+01,21.528465,-29999.0,mA,7.561,mA
2023-01-17T09:41:21+01,21.559421,-29999.0,mA,7.561,mA
2023-01-17T09:41:21+01,21.574375,-29999.0,mA,7.561,mA
2023-01-17T09:41:21+01,21.604847,-29999.0,mA,7.561,mA
2023-01-17T09:41:21+01,21.620802,-29999.0,mA,7.561,mA
2023-01-17T09:41:21+01,21.652002,-29999.0,mA,7.561,mA
2023-01-17T09:41:21+01,21.667675,-29999.0,mA,7.561,mA
2023-01-17T09:41:21+01,21.699298,-29999.0,mA,7.561,mA
2023-01-17T09:41:21+01,21.714645,-29999.0,mA,7.561,mA
2023-01-17T09:41:21+01,21.746012,-29999.0,mA,7.561,mA
2023-01-17T09:41:21+01,21.761525,-29999.0,mA,7.561,mA
2023-01-17T09:41:21+01,21.807545,-29999.0,mA,7.561,mA
2023-01-17T09:41:21+01,21.853648,-29999.0,mA,7.561,mA
2023-01-17T09:41:21+01,21.885279,-29999.0,mA,7.561,mA
2023-01-17T09:41:21+01,21.900632,-29999.0,mA,7.561,mA
2023-01-17T09:41:21+01,21.933072,-29999.0,mA,7.561,mA
2023-01-17T09:41:21+01,21.946144,-29999.0,mA,7.561,mA
2023-01-17T09:41:21+01,21.991884,-29999.0,mA,7.561,mA
2023-01-17T09:41:21+01,22.023451,-29999.0,mA,7.561,mA
2023-01-17T09:41:21+01,22.039481,-29999.0,mA,7.561,mA
2023-01-17T09:41:21+01,22.070304,-29999.0,mA,7.561,mA
2023-01-17T09:41:21+01,22.086042,-29999.0,mA,7.561,mA
2023-01-17T09:41:21+01,22.117482,-29999.0,mA,7.561,mA
2023-01-17T09:41:21+01,22.133347,-29999.0,mA,7.561,mA
2023-01-17T09:41:21+01,22.17852,-29999.0,mA,7.561,mA
2023-01-17T09:41:21+01,22.209648,-29999.0,mA,7.561,mA
2023-01-17T09:41:21+01,22.218293,-29999.0,mA,7.561,mA
2023-01-17T09:41:21+01,22.256282,-29999.0,mA,7.561,mA
2023-01-17T09:41:21+01,22.287112,-29999.0,mA,7.561,mA
2023-01-17T09:41:21+01,22.303089,-29999.0,mA,7.561,mA
2023-01-17T09:41:21+01,22.347921,-29999.0,mA,7.561,mA
2023-01-17T09:41:22+01,22.395026,-29999.0,mA,7.561,mA
2023-01-17T09:41:22+01,22.426729,-29999.0,mA,7.561,mA
2023-01-17T09:41:22+01,22.442683,-29999.0,mA,7.561,mA
2023-01-17T09:41:22+01,22.489749,-29999.0,mA,7.561,mA
2023-01-17T09:41:22+01,22.52047,-29999.0,mA,7.561,mA
2023-01-17T09:41:22+01,22.535458,-29999.0,mA,7.561,mA
2023-01-17T09:41:22+01,22.566425,-29999.0,mA,7.561,mA
2023-01-17T09:41:22+01,22.58221,-29999.0,mA,7.561,mA
2023-01-17T09:41:22+01,22.628201,-29999.0,mA,7.561,mA
2023-01-17T09:41:22+01,22.65958,-29999.0,mA,7.561,mA
2023-01-17T09:41:22+01,22.675112,-29999.0,mA,7.561,mA
2023-01-17T09:41:22+01,22.706354,-29999.0,mA,7.561,mA
2023-01-17T09:41:22+01,22.721264,-29999.0,mA,7.561,mA
2023-01-17T09:41:22+01,22.767647,-29999.0,mA,7.561,mA
2023-01-17T09:41:22+01,22.798975,-29999.0,mA,7.561,mA
2023-01-17T09:41:22+01,22.81459,-29999.0,mA,7.561,mA
2023-01-17T09:41:22+01,22.846016,-29999.0,mA,7.561,mA
2023-01-17T09:41:22+01,22.861542,-29999.0,mA,7.561,mA
2023-01-17T09:41:22+01,22.908554,-29999.0,mA,7.561,mA
2023-01-17T09:41:22+01,22.93972,-29999.0,mA,7.561,mA
2023-01-17T09:41:22+01,22.954846,-29999.0,mA,7.561,mA
2023-01-17T09:41:22+01,22.985496,-29999.0,mA,7.561,mA
2023-01-17T09:41:22+01,23.000872,-29999.0,mA,7.561,mA
2023-01-17T09:41:22+01,23.032769,-29999.0,mA,7.561,mA
2023-01-17T09:41:22+01,23.048827,-29999.0,mA,7.56,mA
2023-01-17T09:41:22+01,23.09476,-29999.0,mA,7.561,mA
2023-01-17T09:41:22+01,23.141693,-29999.0,mA,7.561,mA
2023-01-17T09:41:22+01,23.173048,-29999.0,mA,7.561,mA
2023-01-17T09:41:22+01,23.188389,-29999.0,mA,7.561,mA
2023-01-17T09:41:22+01,23.219744,-29999.0,mA,7.561,mA
2023-01-17T09:41:22+01,23.235319,-29999.0,mA,7.561,mA
2023-01-17T09:41:22+01,23.282172,-29999.0,mA,7.561,mA
2023-01-17T09:41:22+01,23.328675,-29999.0,mA,7.561,mA
2023-01-17T09:41:22+01,23.358157,-29999.0,mA,7.561,mA
2023-01-17T09:41:22+01,23.375203,-29999.0,mA,7.561,mA
2023-01-17T09:41:23+01,23.406176,-29999.0,mA,7.561,mA
2023-01-17T09:41:23+01,23.421716,-29999.0,mA,7.561,mA
2023-01-17T09:41:23+01,23.468016,-29999.0,mA,7.561,mA
2023-01-17T09:41:23+01,23.513853,-29999.0,mA,7.561,mA
2023-01-17T09:41:23+01,23.545819,-29999.0,mA,7.561,mA
2023-01-17T09:41:23+01,23.561879,-29999.0,mA,7.561,mA
2023-01-17T09:41:23+01,23.592793,-29999.0,mA,7.561,mA
2023-01-17T09:41:23+01,23.608794,-29999.0,mA,7.561,mA
2023-01-17T09:41:23+01,23.640532,-29999.0,mA,7.561,mA
2023-01-17T09:41:23+01,23.655999,-29999.0,mA,7.561,mA
2023-01-17T09:41:23+01,23.686867,-29999.0,mA,7.561,mA
2023-01-17T09:41:23+01,23.702225,-29999.0,mA,7.561,mA
2023-01-17T09:41:23+01,23.733046,-29999.0,mA,7.561,mA
2023-01-17T09:41:23+01,23.748436,-29999.0,mA,7.561,mA
2023-01-17T09:41:23+01,23.795308,-29999.0,mA,7.561,mA
2023-01-17T09:41:23+01,23.826199,-29999.0,mA,7.561,mA
2023-01-17T09:41:23+01,23.841718,-29999.0,mA,7.561,mA
2023-01-17T09:41:23+01,23.887665,-29999.0,mA,7.561,mA
2023-01-17T09:41:23+01,23.934353,-29999.0,mA,7.561,mA
2023-01-17T09:41:23+01,23.980752,-29999.0,mA,7.561,mA
2023-01-17T09:41:23+01,24.02739,-29999.0,mA,7.561,mA
2023-01-17T09:41:23+01,24.058656,-29999.0,mA,7.561,mA
2023-01-17T09:41:23+01,24.074156,-29999.0,mA,7.561,mA
2023-01-17T09:41:23+01,24.12071,-29999.0,mA,7.56,mA
2023-01-17T09:41:23+01,24.16684,-29999.0,mA,7.561,mA
2023-01-17T09:41:23+01,24.213908,-29999.0,mA,7.561,mA
2023-01-17T09:41:23+01,24.245946,-29999.0,mA,7.561,mA
2023-01-17T09:41:23+01,24.261946,-29999.0,mA,7.56,mA
2023-01-17T09:41:23+01,24.292645,-29999.0,mA,7.56,mA
2023-01-17T09:41:23+01,24.30845,-29999.0,mA,7.561,mA
2023-01-17T09:41:23+01,24.354885,-29999.0,mA,7.561,mA
2023-01-17T09:41:24+01,24.385986,-29999.0,mA,7.561,mA
2023-01-17T09:41:24+01,24.401682,-29999.0,mA,7.561,mA
2023-01-17T09:41:24+01,24.448111,-29999.0,mA,7.561,mA
2023-01-17T09:41:24+01,24.494985,-29999.0,mA,7.561,mA
2023-01-17T09:41:24+01,24.525515,-29999.0,mA,7.561,mA
2023-01-17T09:41:24+01,24.541458,-29999.0,mA,7.561,mA
2023-01-17T09:41:24+01,24.572389,-29999.0,mA,7.561,mA
2023-01-17T09:41:24+01,24.587491,-29999.0,mA,7.561,mA
2023-01-17T09:41:24+01,24.633254,-29999.0,mA,7.561,mA
2023-01-17T09:41:24+01,24.664141,-29999.0,mA,7.561,mA
2023-01-17T09:41:24+01,24.679408,-29999.0,mA,7.561,mA
2023-01-17T09:41:24+01,24.725632,-29999.0,mA,7.561,mA
2023-01-17T09:41:24+01,24.756525,-29999.0,mA,7.561,mA
2023-01-17T09:41:24+01,24.772297,-29999.0,mA,7.561,mA
2023-01-17T09:41:24+01,24.803308,-29999.0,mA,7.561,mA
2023-01-17T09:41:24+01,24.818875,-29999.0,mA,7.56,mA
2023-01-17T09:41:24+01,24.851048,-29999.0,mA,7.56,mA
2023-01-17T09:41:24+01,24.86636,-29999.0,mA,7.561,mA
2023-01-17T09:41:24+01,24.897344,-29999.0,mA,7.561,mA
2023-01-17T09:41:24+01,24.913088,-29999.0,mA,7.561,mA
2023-01-17T09:41:24+01,24.958518,-29999.0,mA,7.561,mA
2023-01-17T09:41:24+01,25.004986,-29999.0,mA,7.561,mA
2023-01-17T09:41:24+01,25.036987,-29999.0,mA,7.561,mA
2023-01-17T09:41:24+01,25.053119,-29999.0,mA,7.561,mA
2023-01-17T09:41:24+01,25.083973,-29999.0,mA,7.561,mA
2023-01-17T09:41:24+01,25.098699,-29999.0,mA,7.561,mA
2023-01-17T09:41:24+01,25.144658,-29999.0,mA,7.561,mA
2023-01-17T09:41:24+01,25.175995,-29999.0,mA,7.561,mA
2023-01-17T09:41:24+01,25.191869,-29999.0,mA,7.561,mA
2023-01-17T09:41:24+01,25.223422,-29999.0,mA,7.561,mA
2023-01-17T09:41:24+01,25.239147,-29999.0,mA,7.561,mA
2023-01-17T09:41:24+01,25.270034,-29999.0,mA,7.561,mA
2023-01-17T09:41:24+01,25.285253,-29999.0,mA,7.561,mA
2023-01-17T09:41:24+01,25.332002,-29999.0,mA,7.561,mA
2023-01-17T09:41:25+01,25.378641,-29999.0,mA,7.561,mA
2023-01-17T09:41:25+01,25.425199,-29999.0,mA,7.561,mA
2023-01-17T09:41:25+01,25.471674,-29999.0,mA,7.561,mA
2023-01-17T09:41:25+01,25.518293,-29999.0,mA,7.561,mA
2023-01-17T09:41:25+01,25.549223,-29999.0,mA,7.561,mA
2023-01-17T09:41:25+01,25.564654,-29999.0,mA,7.561,mA
2023-01-17T09:41:25+01,25.610454,-29999.0,mA,7.561,mA
2023-01-17T09:41:25+01,25.642033,-29999.0,mA,7.561,mA
2023-01-17T09:41:25+01,25.657456,-29999.0,mA,7.561,mA
2023-01-17T09:41:25+01,25.688489,-29999.0,mA,7.561,mA
2023-01-17T09:41:25+01,25.704164,-29999.0,mA,7.561,mA
2023-01-17T09:41:25+01,25.750418,-29999.0,mA,7.561,mA
2023-01-17T09:41:25+01,25.79696,-29999.0,mA,7.561,mA
2023-01-17T09:41:25+01,25.84293,-29999.0,mA,7.561,mA
2023-01-17T09:41:25+01,25.874129,-29999.0,mA,7.561,mA
2023-01-17T09:41:25+01,25.8897,-29999.0,mA,7.561,mA
2023-01-17T09:41:25+01,25.935585,-29999.0,mA,7.56,mA
2023-01-17T09:41:25+01,25.98123,-29999.0,mA,7.561,mA
2023-01-17T09:41:25+01,26.027329,-29999.0,mA,7.561,mA
2023-01-17T09:41:25+01,26.05922,-29999.0,mA,7.561,mA
2023-01-17T09:41:25+01,26.075246,-29999.0,mA,7.561,mA
2023-01-17T09:41:25+01,26.105988,-29999.0,mA,7.561,mA
2023-01-17T09:41:25+01,26.121567,-29999.0,mA,7.561,mA
2023-01-17T09:41:25+01,26.169435,-29999.0,mA,7.561,mA
2023-01-17T09:41:25+01,26.21527,-29999.0,mA,7.561,mA
2023-01-17T09:41:25+01,26.261913,-29999.0,mA,7.561,mA
2023-01-17T09:41:25+01,26.293281,-29999.0,mA,7.561,mA
2023-01-17T09:41:25+01,26.308688,-29999.0,mA,7.561,mA
2023-01-17T09:41:25+01,26.354745,-29999.0,mA,7.561,mA
2023-01-17T09:41:26+01,26.401489,-29999.0,mA,7.561,mA
2023-01-17T09:41:26+01,26.447782,-29999.0,mA,7.561,mA
2023-01-17T09:41:26+01,26.493937,-29999.0,mA,7.561,mA
2023-01-17T09:41:26+01,26.524941,-29999.0,mA,7.561,mA
2023-01-17T09:41:26+01,26.540884,-29999.0,mA,7.561,mA
2023-01-17T09:41:26+01,26.57215,-29999.0,mA,7.561,mA
2023-01-17T09:41:26+01,26.58779,-29999.0,mA,7.561,mA
2023-01-17T09:41:26+01,26.633893,-29999.0,mA,7.561,mA
2023-01-17T09:41:26+01,26.664314,-29999.0,mA,7.561,mA
2023-01-17T09:41:26+01,26.680145,-29999.0,mA,7.561,mA
2023-01-17T09:41:26+01,26.711374,-29999.0,mA,7.561,mA
2023-01-17T09:41:26+01,26.727392,-29999.0,mA,7.561,mA
2023-01-17T09:41:26+01,26.774115,-29999.0,mA,7.561,mA
2023-01-17T09:41:26+01,26.805103,-29999.0,mA,7.561,mA
2023-01-17T09:41:26+01,26.82087,-29999.0,mA,7.561,mA
2023-01-17T09:41:26+01,26.866878,-29999.0,mA,7.561,mA
2023-01-17T09:41:26+01,26.898276,-29999.0,mA,7.561,mA
2023-01-17T09:41:26+01,26.913531,-29999.0,mA,7.561,mA
2023-01-17T09:41:26+01,26.944208,-29999.0,mA,7.561,mA
2023-01-17T09:41:26+01,26.959411,-29999.0,mA,7.561,mA
2023-01-17T09:41:26+01,27.006384,-29999.0,mA,7.561,mA
2023-01-17T09:41:26+01,27.038353,-29999.0,mA,7.561,mA
2023-01-17T09:41:26+01,27.054353,-29999.0,mA,7.56,mA
2023-01-17T09:41:26+01,27.100806,-29999.0,mA,7.561,mA
2023-01-17T09:41:26+01,27.132239,-29999.0,mA,7.561,mA
2023-01-17T09:41:26+01,27.148185,-29999.0,mA,7.561,mA
2023-01-17T09:41:26+01,27.179267,-29999.0,mA,7.561,mA
2023-01-17T09:41:26+01,27.195215,-29999.0,mA,7.561,mA
2023-01-17T09:41:26+01,27.225113,-29999.0,mA,7.561,mA
2023-01-17T09:41:26+01,27.240064,-29999.0,mA,7.561,mA
2023-01-17T09:41:26+01,27.270948,-29999.0,mA,7.561,mA
2023-01-17T09:41:26+01,27.286532,-29999.0,mA,7.561,mA
2023-01-17T09:41:26+01,27.317791,-29999.0,mA,7.561,mA
2023-01-17T09:41:26+01,27.333056,-29999.0,mA,7.561,mA
2023-01-17T09:41:27+01,27.379144,-29999.0,mA,7.561,mA
2023-01-17T09:41:27+01,27.424244,-29999.0,mA,7.561,mA
2023-01-17T09:41:27+01,27.469718,-29999.0,mA,7.561,mA
2023-01-17T09:41:27+01,27.515349,-29999.0,mA,7.561,mA
2023-01-17T09:41:27+01,27.546215,-29999.0,mA,7.561,mA
2023-01-17T09:41:27+01,27.561149,-29999.0,mA,7.561,mA
2023-01-17T09:41:27+01,27.592304,-29999.0,mA,7.561,mA
2023-01-17T09:41:27+01,27.608092,-29999.0,mA,7.561,mA
2023-01-17T09:41:27+01,27.639759,-29999.0,mA,7.561,mA
2023-01-17T09:41:27+01,27.655741,-29999.0,mA,7.561,mA
2023-01-17T09:41:27+01,27.702856,-29999.0,mA,7.561,mA
2023-01-17T09:41:27+01,27.749266,-29999.0,mA,7.561,mA
2023-01-17T09:41:27+01,27.796099,-29999.0,mA,7.561,mA
2023-01-17T09:41:27+01,27.841806,-29999.0,mA,7.561,mA
2023-01-17T09:41:27+01,27.887404,-29999.0,mA,7.56,mA
2023-01-17T09:41:27+01,27.933347,-29999.0,mA,7.56,mA
2023-01-17T09:41:27+01,27.964403,-29999.0,mA,7.56,mA
2023-01-17T09:41:27+01,27.980325,-29999.0,mA,7.561,mA
2023-01-17T09:41:27+01,28.02614,-29999.0,mA,7.561,mA
2023-01-17T09:41:27+01,28.05714,-29999.0,mA,7.561,mA
2023-01-17T09:41:27+01,28.072314,-29999.0,mA,7.561,mA
2023-01-17T09:41:27+01,28.117017,-29999.0,mA,7.561,mA
2023-01-17T09:41:27+01,28.147153,-29999.0,mA,7.561,mA
2023-01-17T09:41:27+01,28.162256,-29999.0,mA,7.561,mA
2023-01-17T09:41:27+01,28.193617,-29999.0,mA,7.561,mA
2023-01-17T09:41:27+01,28.209209,-29999.0,mA,7.561,mA
2023-01-17T09:41:27+01,28.240169,-29999.0,mA,7.561,mA
2023-01-17T09:41:27+01,28.255715,-29999.0,mA,7.561,mA
2023-01-17T09:41:27+01,28.287539,-29999.0,mA,7.561,mA
2023-01-17T09:41:27+01,28.302502,-29999.0,mA,7.561,mA
2023-01-17T09:41:27+01,28.333383,-29999.0,mA,7.561,mA
2023-01-17T09:41:27+01,28.348511,-29999.0,mA,7.561,mA
2023-01-17T09:41:28+01,28.379998,-29999.0,mA,7.561,mA
2023-01-17T09:41:28+01,28.395535,-29999.0,mA,7.561,mA
2023-01-17T09:41:28+01,28.426997,-29999.0,mA,7.561,mA
2023-01-17T09:41:28+01,28.442488,-29999.0,mA,7.561,mA
2023-01-17T09:41:28+01,28.489617,-29999.0,mA,7.561,mA
2023-01-17T09:41:28+01,28.521116,-29999.0,mA,7.561,mA
2023-01-17T09:41:28+01,28.53709,-29999.0,mA,7.561,mA
2023-01-17T09:41:28+01,28.56906,-29999.0,mA,7.561,mA
2023-01-17T09:41:28+01,28.584298,-29999.0,mA,7.561,mA
2023-01-17T09:41:28+01,28.629666,-29999.0,mA,7.561,mA
2023-01-17T09:41:28+01,28.660941,-29999.0,mA,7.561,mA
2023-01-17T09:41:28+01,28.676254,-29999.0,mA,7.561,mA
2023-01-17T09:41:28+01,28.722875,-29999.0,mA,7.561,mA
2023-01-17T09:41:28+01,28.768654,-29999.0,mA,7.561,mA
2023-01-17T09:41:28+01,28.815013,-29999.0,mA,7.561,mA
2023-01-17T09:41:28+01,28.846068,-29999.0,mA,7.561,mA
2023-01-17T09:41:28+01,28.861352,-29999.0,mA,7.56,mA
2023-01-17T09:41:28+01,28.89229,-29999.0,mA,7.56,mA
2023-01-17T09:41:28+01,28.908089,-29999.0,mA,7.561,mA
2023-01-17T09:41:28+01,28.939989,-29999.0,mA,7.561,mA
2023-01-17T09:41:28+01,28.955941,-29999.0,mA,7.561,mA
2023-01-17T09:41:28+01,28.98735,-29999.0,mA,7.561,mA
2023-01-17T09:41:28+01,29.003438,-29999.0,mA,7.56,mA
2023-01-17T09:41:28+01,29.034665,-29999.0,mA,7.56,mA
2023-01-17T09:41:28+01,29.049553,-29999.0,mA,7.561,mA
2023-01-17T09:41:28+01,29.095509,-29999.0,mA,7.56,mA
2023-01-17T09:41:28+01,29.127375,-29999.0,mA,7.56,mA
2023-01-17T09:41:28+01,29.143371,-29999.0,mA,7.561,mA
2023-01-17T09:41:28+01,29.175322,-29999.0,mA,7.561,mA
2023-01-17T09:41:28+01,29.190764,-29999.0,mA,7.561,mA
2023-01-17T09:41:28+01,29.222276,-29999.0,mA,7.561,mA
2023-01-17T09:41:28+01,29.230277,-29999.0,mA,7.561,mA
2023-01-17T09:41:28+01,29.269458,-29999.0,mA,7.561,mA
2023-01-17T09:41:28+01,29.315877,-29999.0,mA,7.561,mA
2023-01-17T09:41:28+01,29.362489,-29999.0,mA,7.561,mA
2023-01-17T09:41:29+01,29.409144,-29999.0,mA,7.561,mA
2023-01-17T09:41:29+01,29.456339,-29999.0,mA,7.561,mA
2023-01-17T09:41:29+01,29.504266,-29999.0,mA,7.561,mA
2023-01-17T09:41:29+01,29.536197,-29999.0,mA,7.561,mA
2023-01-17T09:41:29+01,29.55214,-29999.0,mA,7.56,mA
2023-01-17T09:41:29+01,29.583332,-29999.0,mA,7.56,mA
2023-01-17T09:41:29+01,29.598221,-29999.0,mA,7.56,mA
2023-01-17T09:41:29+01,29.644054,-29999.0,mA,7.56,mA
2023-01-17T09:41:29+01,29.674924,-29999.0,mA,7.56,mA
2023-01-17T09:41:29+01,29.690677,-29999.0,mA,7.561,mA
2023-01-17T09:41:29+01,29.736104,-29999.0,mA,7.561,mA
2023-01-17T09:41:29+01,29.783032,-29999.0,mA,7.561,mA
2023-01-17T09:41:29+01,29.815134,-29999.0,mA,7.561,mA
2023-01-17T09:41:29+01,29.831197,-29999.0,mA,7.561,mA
2023-01-17T09:41:29+01,29.877097,-29999.0,mA,7.561,mA
2023-01-17T09:41:29+01,29.923228,-29999.0,mA,7.561,mA
2023-01-17T09:41:29+01,29.953986,-29999.0,mA,7.561,mA
2023-01-17T09:41:29+01,29.969721,-29999.0,mA,7.561,mA
2023-01-17T09:41:29+01,30.001635,-29999.0,mA,7.561,mA
2023-01-17T09:41:29+01,30.017628,-29999.0,mA,7.561,mA
2023-01-17T09:41:29+01,30.04952,-29999.0,mA,7.561,mA
2023-01-17T09:41:29+01,30.0653,-29999.0,mA,7.561,mA
2023-01-17T09:41:29+01,30.09469,-29999.0,mA,7.561,mA
2023-01-17T09:41:29+01,30.112124,-29999.0,mA,7.561,mA
2023-01-17T09:41:29+01,30.14326,-29999.0,mA,7.561,mA
2023-01-17T09:41:29+01,30.159302,-29999.0,mA,7.561,mA
2023-01-17T09:41:29+01,30.204565,-29999.0,mA,7.56,mA
2023-01-17T09:41:29+01,30.250708,-29999.0,mA,7.561,mA
2023-01-17T09:41:29+01,30.296853,-29999.0,mA,7.561,mA
2023-01-17T09:41:29+01,30.328021,-29999.0,mA,7.561,mA
2023-01-17T09:41:29+01,30.343977,-29999.0,mA,7.561,mA
2023-01-17T09:41:29+01,30.375086,-29999.0,mA,7.561,mA
2023-01-17T09:41:30+01,30.390676,-29999.0,mA,7.561,mA
2023-01-17T09:41:30+01,30.422675,-29999.0,mA,7.561,mA
2023-01-17T09:41:30+01,30.438726,-29999.0,mA,7.561,mA
2023-01-17T09:41:30+01,30.486053,-29999.0,mA,7.56,mA
2023-01-17T09:41:30+01,30.516919,-29999.0,mA,7.56,mA
2023-01-17T09:41:30+01,30.531867,-29999.0,mA,7.561,mA
2023-01-17T09:41:30+01,30.562795,-29999.0,mA,7.561,mA
2023-01-17T09:41:30+01,30.577721,-29999.0,mA,7.561,mA
2023-01-17T09:41:30+01,30.609033,-29999.0,mA,7.561,mA
2023-01-17T09:41:30+01,30.624968,-29999.0,mA,7.561,mA
2023-01-17T09:41:30+01,30.655461,-29999.0,mA,7.561,mA
2023-01-17T09:41:30+01,30.670684,-29999.0,mA,7.561,mA
2023-01-17T09:41:30+01,30.701811,-29999.0,mA,7.561,mA
2023-01-17T09:41:30+01,30.717352,-29999.0,mA,7.561,mA
2023-01-17T09:41:30+01,30.748308,-29999.0,mA,7.561,mA
2023-01-17T09:41:30+01,30.764435,-29999.0,mA,7.561,mA
2023-01-17T09:41:30+01,30.810409,-29999.0,mA,7.561,mA
2023-01-17T09:41:30+01,30.857476,-29999.0,mA,7.561,mA
2023-01-17T09:41:30+01,30.90323,-29999.0,mA,7.561,mA
2023-01-17T09:41:30+01,30.934947,-29999.0,mA,7.561,mA
2023-01-17T09:41:30+01,30.950662,-29999.0,mA,7.561,mA
2023-01-17T09:41:30+01,30.996603,-29999.0,mA,7.561,mA
2023-01-17T09:41:30+01,31.026504,-29999.0,mA,7.561,mA
2023-01-17T09:41:30+01,31.04355,-29999.0,mA,7.561,mA
2023-01-17T09:41:30+01,31.072117,-29999.0,mA,7.561,mA
2023-01-17T09:41:30+01,31.074138,-29999.0,mA,7.561,mA
2023-01-17T09:41:30+01,31.089691,-29999.0,mA,7.561,mA
2023-01-17T09:41:30+01,31.136071,-29999.0,mA,7.561,mA
2023-01-17T09:41:30+01,31.167219,-29999.0,mA,7.561,mA
2023-01-17T09:41:30+01,31.182509,-29999.0,mA,7.561,mA
2023-01-17T09:41:30+01,31.214504,-29999.0,mA,7.561,mA
2023-01-17T09:41:30+01,31.230443,-29999.0,mA,7.561,mA
2023-01-17T09:41:30+01,31.262422,-29999.0,mA,7.561,mA
2023-01-17T09:41:30+01,31.293279,-29999.0,mA,7.561,mA
2023-01-17T09:41:30+01,31.308191,-29999.0,mA,7.561,mA
2023-01-17T09:41:30+01,31.339085,-29999.0,mA,7.561,mA
2023-01-17T09:41:30+01,31.354037,-29999.0,mA,7.561,mA
2023-01-17T09:41:31+01,31.385522,-29999.0,mA,7.561,mA
2023-01-17T09:41:31+01,31.401524,-29999.0,mA,7.561,mA
2023-01-17T09:41:31+01,31.432791,-29999.0,mA,7.561,mA
2023-01-17T09:41:31+01,31.448622,-29999.0,mA,7.561,mA
2023-01-17T09:41:31+01,31.47867,-29999.0,mA,7.561,mA
2023-01-17T09:41:31+01,31.493612,-29999.0,mA,7.561,mA
2023-01-17T09:41:31+01,31.524615,-29999.0,mA,7.561,mA
2023-01-17T09:41:31+01,31.540631,-29999.0,mA,7.561,mA
2023-01-17T09:41:31+01,31.572053,-29999.0,mA,7.561,mA
2023-01-17T09:41:31+01,31.587451,-29999.0,mA,7.561,mA
2023-01-17T09:41:31+01,31.632909,-29999.0,mA,7.561,mA
2023-01-17T09:41:31+01,31.66415,-29999.0,mA,7.561,mA
2023-01-17T09:41:31+01,31.695927,-29999.0,mA,7.561,mA
2023-01-17T09:41:31+01,31.711542,-29999.0,mA,7.561,mA
2023-01-17T09:41:31+01,31.756284,-29999.0,mA,7.561,mA
2023-01-17T09:41:31+01,31.787391,-29999.0,mA,7.561,mA
2023-01-17T09:41:31+01,31.802338,-29999.0,mA,7.561,mA
2023-01-17T09:41:31+01,31.832316,-29999.0,mA,7.561,mA
2023-01-17T09:41:31+01,31.847949,-29999.0,mA,7.56,mA
2023-01-17T09:41:31+01,31.880049,-29999.0,mA,7.56,mA
2023-01-17T09:41:31+01,31.895622,-29999.0,mA,7.56,mA
2023-01-17T09:41:31+01,31.942775,-29999.0,mA,7.561,mA
2023-01-17T09:41:31+01,31.974018,-29999.0,mA,7.561,mA
2023-01-17T09:41:31+01,31.989118,-29999.0,mA,7.561,mA
2023-01-17T09:41:31+01,32.019942,-29999.0,mA,7.561,mA
2023-01-17T09:41:31+01,32.034884,-29999.0,mA,7.561,mA
2023-01-17T09:41:31+01,32.065349,-29999.0,mA,7.561,mA
2023-01-17T09:41:31+01,32.080672,-29999.0,mA,7.561,mA
2023-01-17T09:41:31+01,32.111841,-29999.0,mA,7.561,mA
2023-01-17T09:41:31+01,32.12715,-29999.0,mA,7.561,mA
2023-01-17T09:41:31+01,32.173012,-29999.0,mA,7.561,mA
2023-01-17T09:41:31+01,32.20434,-29999.0,mA,7.561,mA
2023-01-17T09:41:31+01,32.219552,-29999.0,mA,7.561,mA
2023-01-17T09:41:31+01,32.265968,-29999.0,mA,7.561,mA
2023-01-17T09:41:31+01,32.296961,-29999.0,mA,7.561,mA
2023-01-17T09:41:31+01,32.312761,-29999.0,mA,7.561,mA
2023-01-17T09:41:31+01,32.359224,-29999.0,mA,7.561,mA
2023-01-17T09:41:32+01,32.39099,-29999.0,mA,7.561,mA
2023-01-17T09:41:32+01,32.406862,-29999.0,mA,7.56,mA
2023-01-17T09:41:32+01,32.438087,-29999.0,mA,7.56,mA
2023-01-17T09:41:32+01,32.453247,-29999.0,mA,7.561,mA
2023-01-17T09:41:32+01,32.484209,-29999.0,mA,7.561,mA
2023-01-17T09:41:32+01,32.499574,-29999.0,mA,7.561,mA
2023-01-17T09:41:32+01,32.530286,-29999.0,mA,7.561,mA
2023-01-17T09:41:32+01,32.54622,-29999.0,mA,7.561,mA
2023-01-17T09:41:32+01,32.578118,-29999.0,mA,7.561,mA
2023-01-17T09:41:32+01,32.593563,-29999.0,mA,7.561,mA
2023-01-17T09:41:32+01,32.624952,-29999.0,mA,7.561,mA
2023-01-17T09:41:32+01,32.639907,-29999.0,mA,7.561,mA
2023-01-17T09:41:32+01,32.670392,-29999.0,mA,7.561,mA
2023-01-17T09:41:32+01,32.685683,-29999.0,mA,7.561,mA
2023-01-17T09:41:32+01,32.715181,-29999.0,mA,7.561,mA
2023-01-17T09:41:32+01,32.732127,-29999.0,mA,7.561,mA
2023-01-17T09:41:32+01,32.763839,-29999.0,mA,7.561,mA
2023-01-17T09:41:32+01,32.779262,-29999.0,mA,7.561,mA
2023-01-17T09:41:32+01,32.825266,-29999.0,mA,7.561,mA
2023-01-17T09:41:32+01,32.856297,-29999.0,mA,7.561,mA
2023-01-17T09:41:32+01,32.871497,-29999.0,mA,7.561,mA
2023-01-17T09:41:32+01,32.917967,-29999.0,mA,7.561,mA
2023-01-17T09:41:32+01,32.948605,-29999.0,mA,7.561,mA
2023-01-17T09:41:32+01,32.963908,-29999.0,mA,7.561,mA
2023-01-17T09:41:32+01,33.010891,-29999.0,mA,7.561,mA
2023-01-17T09:41:32+01,33.04287,-29999.0,mA,7.561,mA
2023-01-17T09:41:32+01,33.058837,-29999.0,mA,7.561,mA
2023-01-17T09:41:32+01,33.08963,-29999.0,mA,7.561,mA
2023-01-17T09:41:32+01,33.105589,-29999.0,mA,7.56,mA
2023-01-17T09:41:32+01,33.150603,-29999.0,mA,7.561,mA
2023-01-17T09:41:32+01,33.197882,-29999.0,mA,7.561,mA
2023-01-17T09:41:32+01,33.22916,-29999.0,mA,7.561,mA
2023-01-17T09:41:32+01,33.236108,-29999.0,mA,7.561,mA
2023-01-17T09:41:32+01,33.276114,-29999.0,mA,7.561,mA
2023-01-17T09:41:32+01,33.30735,-29999.0,mA,7.561,mA
2023-01-17T09:41:32+01,33.322168,-29999.0,mA,7.561,mA
2023-01-17T09:41:32+01,33.353165,-29999.0,mA,7.561,mA
2023-01-17T09:41:32+01,33.368986,-29999.0,mA,7.561,mA
2023-01-17T09:41:33+01,33.414309,-29999.0,mA,7.561,mA
2023-01-17T09:41:33+01,33.445324,-29999.0,mA,7.561,mA
2023-01-17T09:41:33+01,33.460607,-29999.0,mA,7.56,mA
2023-01-17T09:41:33+01,33.507538,-29999.0,mA,7.561,mA
2023-01-17T09:41:33+01,33.539304,-29999.0,mA,7.561,mA
2023-01-17T09:41:33+01,33.555252,-29999.0,mA,7.561,mA
2023-01-17T09:41:33+01,33.587203,-29999.0,mA,7.561,mA
2023-01-17T09:41:33+01,33.602211,-29999.0,mA,7.561,mA
2023-01-17T09:41:33+01,33.633842,-29999.0,mA,7.561,mA
2023-01-17T09:41:33+01,33.649332,-29999.0,mA,7.561,mA
2023-01-17T09:41:33+01,33.68009,-29999.0,mA,7.561,mA
2023-01-17T09:41:33+01,33.695917,-29999.0,mA,7.561,mA
2023-01-17T09:41:33+01,33.727188,-29999.0,mA,7.561,mA
2023-01-17T09:41:33+01,33.742635,-29999.0,mA,7.561,mA
2023-01-17T09:41:33+01,33.772301,-29999.0,mA,7.561,mA
2023-01-17T09:41:33+01,33.788835,-29999.0,mA,7.561,mA
2023-01-17T09:41:33+01,33.81977,-29999.0,mA,7.561,mA
2023-01-17T09:41:33+01,33.83485,-29999.0,mA,7.56,mA
2023-01-17T09:41:33+01,33.866971,-29999.0,mA,7.56,mA
2023-01-17T09:41:33+01,33.88242,-29999.0,mA,7.561,mA
2023-01-17T09:41:33+01,33.913193,-29999.0,mA,7.561,mA
2023-01-17T09:41:33+01,33.928503,-29999.0,mA,7.56,mA
2023-01-17T09:41:33+01,33.974779,-29999.0,mA,7.561,mA
2023-01-17T09:41:33+01,34.006192,-29999.0,mA,7.561,mA
2023-01-17T09:41:33+01,34.022096,-29999.0,mA,7.561,mA
2023-01-17T09:41:33+01,34.054001,-29999.0,mA,7.561,mA
2023-01-17T09:41:33+01,34.084646,-29999.0,mA,7.561,mA
2023-01-17T09:41:33+01,34.10038,-29999.0,mA,7.561,mA
2023-01-17T09:41:33+01,34.1469,-29999.0,mA,7.561,mA
2023-01-17T09:41:33+01,34.178632,-29999.0,mA,7.561,mA
2023-01-17T09:41:33+01,34.193926,-29999.0,mA,7.561,mA
2023-01-17T09:41:33+01,34.224484,-29999.0,mA,7.561,mA
2023-01-17T09:41:33+01,34.238182,-29999.0,mA,7.561,mA
2023-01-17T09:41:33+01,34.270068,-29999.0,mA,7.561,mA
2023-01-17T09:41:33+01,34.301005,-29999.0,mA,7.561,mA
2023-01-17T09:41:33+01,34.315946,-29999.0,mA,7.561,mA
2023-01-17T09:41:33+01,34.346742,-29999.0,mA,7.561,mA
2023-01-17T09:41:33+01,34.361557,-29999.0,mA,7.561,mA
2023-01-17T09:41:34+01,34.408372,-29999.0,mA,7.561,mA
2023-01-17T09:41:34+01,34.454521,-29999.0,mA,7.561,mA
2023-01-17T09:41:34+01,34.500969,-29999.0,mA,7.561,mA
2023-01-17T09:41:34+01,34.532436,-29999.0,mA,7.561,mA
2023-01-17T09:41:34+01,34.548662,-29999.0,mA,7.561,mA
2023-01-17T09:41:34+01,34.579965,-29999.0,mA,7.561,mA
2023-01-17T09:41:34+01,34.595363,-29999.0,mA,7.561,mA
2023-01-17T09:41:34+01,34.626354,-29999.0,mA,7.561,mA
2023-01-17T09:41:34+01,34.641466,-29999.0,mA,7.561,mA
2023-01-17T09:41:34+01,34.673019,-29999.0,mA,7.561,mA
2023-01-17T09:41:34+01,34.68828,-29999.0,mA,7.561,mA
2023-01-17T09:41:34+01,34.719476,-29999.0,mA,7.561,mA
2023-01-17T09:41:34+01,34.734806,-29999.0,mA,7.561,mA
2023-01-17T09:41:34+01,34.765992,-29999.0,mA,7.561,mA
2023-01-17T09:41:34+01,34.781388,-29999.0,mA,7.561,mA
2023-01-17T09:41:34+01,34.827478,-29999.0,mA,7.561,mA
2023-01-17T09:41:34+01,34.858284,-29999.0,mA,7.561,mA
2023-01-17T09:41:34+01,34.874245,-29999.0,mA,7.56,mA
2023-01-17T09:41:34+01,34.920184,-29999.0,mA,7.561,mA
2023-01-17T09:41:34+01,34.966389,-29999.0,mA,7.561,mA
2023-01-17T09:41:34+01,34.997235,-29999.0,mA,7.561,mA
2023-01-17T09:41:34+01,35.012589,-29999.0,mA,7.561,mA
2023-01-17T09:41:34+01,35.044604,-29999.0,mA,7.561,mA
2023-01-17T09:41:34+01,35.076043,-29999.0,mA,7.561,mA
2023-01-17T09:41:34+01,35.09186,-29999.0,mA,7.561,mA
2023-01-17T09:41:34+01,35.122975,-29999.0,mA,7.561,mA
2023-01-17T09:41:34+01,35.138318,-29999.0,mA,7.561,mA
2023-01-17T09:41:34+01,35.18472,-29999.0,mA,7.561,mA
2023-01-17T09:41:34+01,35.216051,-29999.0,mA,7.561,mA
2023-01-17T09:41:34+01,35.231581,-29999.0,mA,7.561,mA
2023-01-17T09:41:34+01,35.277709,-29999.0,mA,7.561,mA
2023-01-17T09:41:34+01,35.324239,-29999.0,mA,7.561,mA
2023-01-17T09:41:34+01,35.370401,-29999.0,mA,7.561,mA
2023-01-17T09:41:35+01,35.416527,-29999.0,mA,7.561,mA
2023-01-17T09:41:35+01,35.462876,-29999.0,mA,7.561,mA
2023-01-17T09:41:35+01,35.494363,-29999.0,mA,7.561,mA
2023-01-17T09:41:35+01,35.509769,-29999.0,mA,7.56,mA
2023-01-17T09:41:35+01,35.541495,-29999.0,mA,7.56,mA
2023-01-17T09:41:35+01,35.557514,-29999.0,mA,7.56,mA
2023-01-17T09:41:35+01,35.604235,-29999.0,mA,7.561,mA
2023-01-17T09:41:35+01,35.650146,-29999.0,mA,7.561,mA
2023-01-17T09:41:35+01,35.695974,-29999.0,mA,7.561,mA
2023-01-17T09:41:35+01,35.727398,-29999.0,mA,7.561,mA
2023-01-17T09:41:35+01,35.742431,-29999.0,mA,7.561,mA
2023-01-17T09:41:35+01,35.773492,-29999.0,mA,7.561,mA
2023-01-17T09:41:35+01,35.788979,-29999.0,mA,7.561,mA
2023-01-17T09:41:35+01,35.820612,-29999.0,mA,7.561,mA
2023-01-17T09:41:35+01,35.835107,-29999.0,mA,7.561,mA
2023-01-17T09:41:35+01,35.881749,-29999.0,mA,7.561,mA
2023-01-17T09:41:35+01,35.928051,-29999.0,mA,7.561,mA
2023-01-17T09:41:35+01,35.959248,-29999.0,mA,7.561,mA
2023-01-17T09:41:35+01,35.975213,-29999.0,mA,7.561,mA
2023-01-17T09:41:35+01,36.022612,-29999.0,mA,7.561,mA
2023-01-17T09:41:35+01,36.054205,-29999.0,mA,7.561,mA
2023-01-17T09:41:35+01,36.070136,-29999.0,mA,7.56,mA
2023-01-17T09:41:35+01,36.117017,-29999.0,mA,7.561,mA
2023-01-17T09:41:35+01,36.147941,-29999.0,mA,7.561,mA
2023-01-17T09:41:35+01,36.163551,-29999.0,mA,7.561,mA
2023-01-17T09:41:35+01,36.209683,-29999.0,mA,7.561,mA
2023-01-17T09:41:35+01,36.256382,-29999.0,mA,7.561,mA
2023-01-17T09:41:35+01,36.302539,-29999.0,mA,7.561,mA
2023-01-17T09:41:35+01,36.333379,-29999.0,mA,7.561,mA
2023-01-17T09:41:35+01,36.348479,-29999.0,mA,7.561,mA
2023-01-17T09:41:36+01,36.394941,-29999.0,mA,7.561,mA
2023-01-17T09:41:36+01,36.440865,-29999.0,mA,7.561,mA
2023-01-17T09:41:36+01,36.487226,-29999.0,mA,7.561,mA
2023-01-17T09:41:36+01,36.518217,-29999.0,mA,7.561,mA
2023-01-17T09:41:36+01,36.533328,-29999.0,mA,7.561,mA
2023-01-17T09:41:36+01,36.564284,-29999.0,mA,7.561,mA
2023-01-17T09:41:36+01,36.579448,-29999.0,mA,7.561,mA
2023-01-17T09:41:36+01,36.610963,-29999.0,mA,7.561,mA
2023-01-17T09:41:36+01,36.625938,-29999.0,mA,7.561,mA
2023-01-17T09:41:36+01,36.655729,-29999.0,mA,7.561,mA
2023-01-17T09:41:36+01,36.671039,-29999.0,mA,7.561,mA
2023-01-17T09:41:36+01,36.716903,-29999.0,mA,7.561,mA
2023-01-17T09:41:36+01,36.763679,-29999.0,mA,7.561,mA
2023-01-17T09:41:36+01,36.81039,-29999.0,mA,7.561,mA
2023-01-17T09:41:36+01,36.856473,-29999.0,mA,7.561,mA
2023-01-17T09:41:36+01,36.90297,-29999.0,mA,7.561,mA
2023-01-17T09:41:36+01,36.949085,-29999.0,mA,7.561,mA
2023-01-17T09:41:36+01,36.994911,-29999.0,mA,7.561,mA
2023-01-17T09:41:36+01,37.025365,-29999.0,mA,7.561,mA
2023-01-17T09:41:36+01,37.040303,-29999.0,mA,7.56,mA
2023-01-17T09:41:36+01,37.070718,-29999.0,mA,7.56,mA
2023-01-17T09:41:36+01,37.086142,-29999.0,mA,7.561,mA
2023-01-17T09:41:36+01,37.117085,-29999.0,mA,7.561,mA
2023-01-17T09:41:36+01,37.13288,-29999.0,mA,7.561,mA
2023-01-17T09:41:36+01,37.17901,-29999.0,mA,7.56,mA
2023-01-17T09:41:36+01,37.22423,-29999.0,mA,7.561,mA
2023-01-17T09:41:36+01,37.270781,-29999.0,mA,7.561,mA
2023-01-17T09:41:36+01,37.30224,-29999.0,mA,7.561,mA
2023-01-17T09:41:36+01,37.317771,-29999.0,mA,7.561,mA
2023-01-17T09:41:36+01,37.364247,-29999.0,mA,7.561,mA
2023-01-17T09:41:37+01,37.409651,-29999.0,mA,7.56,mA
2023-01-17T09:41:37+01,37.45712,-29999.0,mA,7.561,mA
2023-01-17T09:41:37+01,37.504102,-29999.0,mA,7.561,mA
2023-01-17T09:41:37+01,37.53586,-29999.0,mA,7.561,mA
2023-01-17T09:41:37+01,37.5515,-29999.0,mA,7.561,mA
2023-01-17T09:41:37+01,37.597912,-29999.0,mA,7.561,mA
2023-01-17T09:41:37+01,37.628935,-29999.0,mA,7.561,mA
2023-01-17T09:41:37+01,37.644583,-29999.0,mA,7.561,mA
2023-01-17T09:41:37+01,37.675976,-29999.0,mA,7.561,mA
2023-01-17T09:41:37+01,37.691868,-29999.0,mA,7.561,mA
2023-01-17T09:41:37+01,37.723654,-29999.0,mA,7.561,mA
2023-01-17T09:41:37+01,37.738991,-29999.0,mA,7.561,mA
2023-01-17T09:41:37+01,37.770043,-29999.0,mA,7.561,mA
2023-01-17T09:41:37+01,37.773046,-29999.0,mA,7.564,mA
2023-01-17T09:41:37+01,37.816836,-29999.0,mA,7.564,mA
2023-01-17T09:41:37+01,37.848025,-29999.0,mA,7.564,mA
2023-01-17T09:41:37+01,37.863611,-29999.0,mA,7.563,mA
2023-01-17T09:41:37+01,37.909553,-29999.0,mA,7.563,mA
2023-01-17T09:41:37+01,37.955947,-29999.0,mA,7.564,mA
2023-01-17T09:41:37+01,38.002752,-29999.0,mA,7.564,mA
2023-01-17T09:41:37+01,38.034624,-29999.0,mA,7.564,mA
2023-01-17T09:41:37+01,38.050564,-29999.0,mA,7.564,mA
2023-01-17T09:41:37+01,38.082459,-29999.0,mA,7.564,mA
2023-01-17T09:41:37+01,38.097907,-29999.0,mA,7.564,mA
2023-01-17T09:41:37+01,38.143933,-29999.0,mA,7.564,mA
2023-01-17T09:41:37+01,38.17528,-29999.0,mA,7.564,mA
2023-01-17T09:41:37+01,38.190686,-29999.0,mA,7.564,mA
2023-01-17T09:41:37+01,38.236558,-29999.0,mA,7.564,mA
2023-01-17T09:41:37+01,38.283228,-29999.0,mA,7.564,mA
2023-01-17T09:41:37+01,38.328428,-29999.0,mA,7.563,mA
2023-01-17T09:41:37+01,38.374203,-29999.0,mA,7.563,mA
2023-01-17T09:41:38+01,38.406282,-29999.0,mA,7.564,mA
2023-01-17T09:41:38+01,38.452545,-29999.0,mA,7.563,mA
2023-01-17T09:41:38+01,38.498686,-29999.0,mA,7.564,mA
2023-01-17T09:41:38+01,38.530319,-29999.0,mA,7.564,mA
2023-01-17T09:41:38+01,38.545179,-29999.0,mA,7.564,mA
2023-01-17T09:41:38+01,38.576019,-29999.0,mA,7.564,mA
2023-01-17T09:41:38+01,38.590988,-29999.0,mA,7.563,mA
2023-01-17T09:41:38+01,38.636346,-29999.0,mA,7.563,mA
2023-01-17T09:41:38+01,38.667344,-29999.0,mA,7.563,mA
2023-01-17T09:41:38+01,38.683291,-29999.0,mA,7.563,mA
2023-01-17T09:41:38+01,38.71508,-29999.0,mA,7.563,mA
2023-01-17T09:41:38+01,38.730925,-29999.0,mA,7.563,mA
2023-01-17T09:41:38+01,38.761845,-29999.0,mA,7.563,mA
2023-01-17T09:41:38+01,38.777049,-29999.0,mA,7.563,mA
2023-01-17T09:41:38+01,38.824163,-29999.0,mA,7.563,mA
2023-01-17T09:41:38+01,38.855167,-29999.0,mA,7.563,mA
2023-01-17T09:41:38+01,38.870335,-29999.0,mA,7.564,mA
2023-01-17T09:41:38+01,38.916333,-29999.0,mA,7.565,mA
2023-01-17T09:41:38+01,38.951318,-29999.0,mA,7.565,mA
2023-01-17T09:41:38+01,38.963911,-29999.0,mA,7.563,mA
2023-01-17T09:41:38+01,38.99512,-29999.0,mA,7.563,mA
2023-01-17T09:41:38+01,39.010667,-29999.0,mA,7.564,mA
2023-01-17T09:41:38+01,39.042092,-29999.0,mA,7.564,mA
2023-01-17T09:41:38+01,39.058001,-29999.0,mA,7.563,mA
2023-01-17T09:41:38+01,39.089251,-29999.0,mA,7.563,mA
2023-01-17T09:41:38+01,39.104698,-29999.0,mA,7.564,mA
2023-01-17T09:41:38+01,39.135308,-29999.0,mA,7.564,mA
2023-01-17T09:41:38+01,39.151175,-29999.0,mA,7.564,mA
2023-01-17T09:41:38+01,39.197399,-29999.0,mA,7.564,mA
2023-01-17T09:41:38+01,39.244055,-29999.0,mA,7.563,mA
2023-01-17T09:41:38+01,39.275059,-29999.0,mA,7.563,mA
2023-01-17T09:41:38+01,39.290831,-29999.0,mA,7.563,mA
2023-01-17T09:41:38+01,39.336933,-29999.0,mA,7.563,mA
2023-01-17T09:41:39+01,39.383476,-29999.0,mA,7.564,mA
2023-01-17T09:41:39+01,39.430215,-29999.0,mA,7.563,mA
2023-01-17T09:41:39+01,39.46228,-29999.0,mA,7.563,mA
2023-01-17T09:41:39+01,39.477453,-29999.0,mA,7.564,mA
2023-01-17T09:41:39+01,39.523205,-29999.0,mA,7.564,mA
2023-01-17T09:41:39+01,39.554179,-29999.0,mA,7.564,mA
2023-01-17T09:41:39+01,39.569546,-29999.0,mA,7.564,mA
2023-01-17T09:41:39+01,39.601361,-29999.0,mA,7.564,mA
2023-01-17T09:41:39+01,39.617337,-29999.0,mA,7.563,mA
2023-01-17T09:41:39+01,39.64816,-29999.0,mA,7.563,mA
2023-01-17T09:41:39+01,39.663429,-29999.0,mA,7.564,mA
2023-01-17T09:41:39+01,39.694945,-29999.0,mA,7.564,mA
2023-01-17T09:41:39+01,39.710484,-29999.0,mA,7.564,mA
2023-01-17T09:41:39+01,39.742097,-29999.0,mA,7.564,mA
2023-01-17T09:41:39+01,39.757752,-29999.0,mA,7.563,mA
2023-01-17T09:41:39+01,39.804121,-29999.0,mA,7.563,mA
2023-01-17T09:41:39+01,39.835452,-29999.0,mA,7.563,mA
2023-01-17T09:41:39+01,39.851348,-29999.0,mA,7.564,mA
2023-01-17T09:41:39+01,39.897965,-29999.0,mA,7.564,mA
2023-01-17T09:41:39+01,39.929397,-29999.0,mA,7.564,mA
2023-01-17T09:41:39+01,39.945368,-29999.0,mA,7.563,mA
2023-01-17T09:41:39+01,39.991931,-29999.0,mA,7.563,mA
2023-01-17T09:41:39+01,40.023436,-29999.0,mA,7.563,mA
2023-01-17T09:41:39+01,40.039371,-29999.0,mA,7.564,mA
2023-01-17T09:41:39+01,40.07089,-29999.0,mA,7.564,mA
2023-01-17T09:41:39+01,40.086515,-29999.0,mA,7.563,mA
2023-01-17T09:41:39+01,40.133027,-29999.0,mA,7.564,mA
2023-01-17T09:41:39+01,40.164378,-29999.0,mA,7.564,mA
2023-01-17T09:41:39+01,40.179682,-29999.0,mA,7.563,mA
2023-01-17T09:41:39+01,40.226042,-29999.0,mA,7.563,mA
2023-01-17T09:41:39+01,40.272301,-29999.0,mA,7.564,mA
2023-01-17T09:41:39+01,40.318198,-29999.0,mA,7.563,mA
2023-01-17T09:41:39+01,40.364548,-29999.0,mA,7.564,mA
2023-01-17T09:41:40+01,40.411534,-29999.0,mA,7.564,mA
2023-01-17T09:41:40+01,40.458982,-29999.0,mA,7.563,mA
2023-01-17T09:41:40+01,40.506119,-29999.0,mA,7.563,mA
2023-01-17T09:41:40+01,40.537302,-29999.0,mA,7.563,mA
2023-01-17T09:41:40+01,40.552624,-29999.0,mA,7.563,mA
2023-01-17T09:41:40+01,40.582936,-29999.0,mA,7.563,mA
2023-01-17T09:41:40+01,40.598195,-29999.0,mA,7.563,mA
2023-01-17T09:41:40+01,40.629344,-29999.0,mA,7.563,mA
2023-01-17T09:41:40+01,40.644477,-29999.0,mA,7.563,mA
2023-01-17T09:41:40+01,40.690917,-29999.0,mA,7.564,mA
2023-01-17T09:41:40+01,40.737116,-29999.0,mA,7.564,mA
2023-01-17T09:41:40+01,40.783202,-29999.0,mA,7.564,mA
2023-01-17T09:41:40+01,40.829483,-29999.0,mA,7.564,mA
2023-01-17T09:41:40+01,40.875628,-29999.0,mA,7.564,mA
2023-01-17T09:41:40+01,40.921691,-29999.0,mA,7.564,mA
2023-01-17T09:41:40+01,40.96776,-29999.0,mA,7.564,mA
2023-01-17T09:41:40+01,40.999122,-29999.0,mA,7.564,mA
2023-01-17T09:41:40+01,41.014615,-29999.0,mA,7.563,mA
2023-01-17T09:41:40+01,41.046434,-29999.0,mA,7.563,mA
2023-01-17T09:41:40+01,41.06242,-29999.0,mA,7.563,mA
2023-01-17T09:41:40+01,41.093892,-29999.0,mA,7.563,mA
2023-01-17T09:41:40+01,41.109563,-29999.0,mA,7.563,mA
2023-01-17T09:41:40+01,41.155516,-29999.0,mA,7.563,mA
2023-01-17T09:41:40+01,41.186333,-29999.0,mA,7.563,mA
2023-01-17T09:41:40+01,41.202312,-29999.0,mA,7.564,mA
2023-01-17T09:41:40+01,41.24858,-29999.0,mA,7.564,mA
2023-01-17T09:41:40+01,41.295134,-29999.0,mA,7.563,mA
2023-01-17T09:41:40+01,41.326102,-29999.0,mA,7.563,mA
2023-01-17T09:41:40+01,41.341865,-29999.0,mA,7.564,mA
2023-01-17T09:41:41+01,41.387373,-29999.0,mA,7.564,mA
2023-01-17T09:41:41+01,41.433449,-29999.0,mA,7.564,mA
2023-01-17T09:41:41+01,41.480084,-29999.0,mA,7.563,mA
2023-01-17T09:41:41+01,41.526076,-29999.0,mA,7.564,mA
2023-01-17T09:41:41+01,41.55801,-29999.0,mA,7.564,mA
2023-01-17T09:41:41+01,41.589484,-29999.0,mA,7.564,mA
2023-01-17T09:41:41+01,41.604732,-29999.0,mA,7.564,mA
2023-01-17T09:41:41+01,41.6506,-29999.0,mA,7.564,mA
2023-01-17T09:41:41+01,41.696894,-29999.0,mA,7.564,mA
2023-01-17T09:41:41+01,41.727377,-29999.0,mA,7.564,mA
2023-01-17T09:41:41+01,41.742894,-29999.0,mA,7.564,mA
2023-01-17T09:41:41+01,41.788521,-29999.0,mA,7.563,mA
2023-01-17T09:41:41+01,41.835214,-29999.0,mA,7.563,mA
2023-01-17T09:41:41+01,41.882277,-29999.0,mA,7.564,mA
2023-01-17T09:41:41+01,41.913337,-29999.0,mA,7.564,mA
2023-01-17T09:41:41+01,41.928479,-29999.0,mA,7.564,mA
2023-01-17T09:41:41+01,41.975208,-29999.0,mA,7.564,mA
2023-01-17T09:41:41+01,42.021224,-29999.0,mA,7.564,mA
2023-01-17T09:41:41+01,42.052384,-29999.0,mA,7.564,mA
2023-01-17T09:41:41+01,42.067564,-29999.0,mA,7.563,mA
2023-01-17T09:41:41+01,42.113638,-29999.0,mA,7.564,mA
2023-01-17T09:41:41+01,42.159973,-29999.0,mA,7.564,mA
2023-01-17T09:41:41+01,42.190891,-29999.0,mA,7.564,mA
2023-01-17T09:41:41+01,42.206567,-29999.0,mA,7.564,mA
2023-01-17T09:41:41+01,42.238539,-29999.0,mA,7.564,mA
2023-01-17T09:41:41+01,42.250577,-29999.0,mA,7.564,mA
2023-01-17T09:41:41+01,42.286408,-29999.0,mA,7.564,mA
2023-01-17T09:41:41+01,42.318374,-29999.0,mA,7.564,mA
2023-01-17T09:41:41+01,42.349608,-29999.0,mA,7.564,mA
2023-01-17T09:41:41+01,42.365554,-29999.0,mA,7.563,mA
2023-01-17T09:41:42+01,42.397448,-29999.0,mA,7.563,mA
2023-01-17T09:41:42+01,42.412619,-29999.0,mA,7.564,mA
2023-01-17T09:41:42+01,42.443515,-29999.0,mA,7.564,mA
2023-01-17T09:41:42+01,42.458466,-29999.0,mA,7.563,mA
2023-01-17T09:41:42+01,42.489744,-29999.0,mA,7.563,mA
2023-01-17T09:41:42+01,42.504695,-29999.0,mA,7.564,mA
2023-01-17T09:41:42+01,42.535561,-29999.0,mA,7.564,mA
2023-01-17T09:41:42+01,42.551505,-29999.0,mA,7.564,mA
2023-01-17T09:41:42+01,42.583397,-29999.0,mA,7.564,mA
2023-01-17T09:41:42+01,42.599358,-29999.0,mA,7.563,mA
2023-01-17T09:41:42+01,42.631203,-29999.0,mA,7.563,mA
2023-01-17T09:41:42+01,42.647144,-29999.0,mA,7.563,mA
2023-01-17T09:41:42+01,42.679175,-29999.0,mA,7.563,mA
2023-01-17T09:41:42+01,42.711068,-29999.0,mA,7.563,mA
2023-01-17T09:41:42+01,42.727019,-29999.0,mA,7.563,mA
2023-01-17T09:41:42+01,42.758913,-29999.0,mA,7.563,mA
2023-01-17T09:41:42+01,42.774855,-29999.0,mA,7.564,mA
2023-01-17T09:41:42+01,42.805752,-29999.0,mA,7.564,mA
2023-01-17T09:41:42+01,42.820702,-29999.0,mA,7.563,mA
2023-01-17T09:41:42+01,42.852595,-29999.0,mA,7.563,mA
2023-01-17T09:41:42+01,42.868542,-29999.0,mA,7.564,mA
2023-01-17T09:41:42+01,42.900581,-29999.0,mA,7.563,mA
2023-01-17T09:41:42+01,42.93205,-29999.0,mA,7.563,mA
2023-01-17T09:41:42+01,42.947647,-29999.0,mA,7.564,mA
2023-01-17T09:41:42+01,42.979255,-29999.0,mA,7.564,mA
2023-01-17T09:41:42+01,42.995194,-29999.0,mA,7.564,mA
2023-01-17T09:41:42+01,43.025129,-29999.0,mA,7.564,mA
2023-01-17T09:41:42+01,43.041077,-29999.0,mA,7.564,mA
2023-01-17T09:41:42+01,43.072425,-29999.0,mA,7.564,mA
2023-01-17T09:41:42+01,43.088371,-29999.0,mA,7.564,mA
2023-01-17T09:41:42+01,43.118354,-29999.0,mA,7.564,mA
2023-01-17T09:41:42+01,43.133281,-29999.0,mA,7.564,mA
2023-01-17T09:41:42+01,43.163619,-29999.0,mA,7.564,mA
2023-01-17T09:41:42+01,43.178714,-29999.0,mA,7.564,mA
2023-01-17T09:41:42+01,43.210312,-29999.0,mA,7.564,mA
2023-01-17T09:41:42+01,43.225597,-29999.0,mA,7.564,mA
2023-01-17T09:41:42+01,43.257576,-29999.0,mA,7.564,mA
2023-01-17T09:41:42+01,43.273245,-29999.0,mA,7.563,mA
2023-01-17T09:41:42+01,43.305165,-29999.0,mA,7.564,mA
2023-01-17T09:41:42+01,43.337053,-29999.0,mA,7.564,mA
2023-01-17T09:41:42+01,43.352994,-29999.0,mA,7.563,mA
2023-01-17T09:41:43+01,43.384897,-29999.0,mA,7.563,mA
2023-01-17T09:41:43+01,43.400845,-29999.0,mA,7.563,mA
2023-01-17T09:41:43+01,43.432733,-29999.0,mA,7.563,mA
2023-01-17T09:41:43+01,43.448673,-29999.0,mA,7.564,mA
2023-01-17T09:41:43+01,43.480572,-29999.0,mA,7.564,mA
2023-01-17T09:41:43+01,43.525349,-29999.0,mA,7.564,mA
2023-01-17T09:41:43+01,43.555705,-29999.0,mA,7.564,mA
2023-01-17T09:41:43+01,43.571652,-29999.0,mA,7.563,mA
2023-01-17T09:41:43+01,43.603509,-29999.0,mA,7.563,mA
2023-01-17T09:41:43+01,43.619459,-29999.0,mA,7.563,mA
2023-01-17T09:41:43+01,43.665302,-29999.0,mA,7.563,mA
2023-01-17T09:41:43+01,43.697308,-29999.0,mA,7.563,mA
2023-01-17T09:41:43+01,43.713264,-29999.0,mA,7.564,mA
2023-01-17T09:41:43+01,43.745149,-29999.0,mA,7.564,mA
2023-01-17T09:41:43+01,43.760747,-29999.0,mA,7.563,mA
2023-01-17T09:41:43+01,43.792692,-29999.0,mA,7.563,mA
2023-01-17T09:41:43+01,43.808634,-29999.0,mA,7.563,mA
2023-01-17T09:41:43+01,43.840522,-29999.0,mA,7.563,mA
2023-01-17T09:41:43+01,43.856483,-29999.0,mA,7.564,mA
2023-01-17T09:41:43+01,43.888454,-29999.0,mA,7.564,mA
2023-01-17T09:41:43+01,43.903414,-29999.0,mA,7.563,mA
2023-01-17T09:41:43+01,43.948253,-29999.0,mA,7.564,mA
2023-01-17T09:41:43+01,43.980149,-29999.0,mA,7.564,mA
2023-01-17T09:41:43+01,43.982178,-29999.0,mA,7.566,mA
2023-01-17T09:41:43+01,44.01204,-29999.0,mA,7.566,mA
2023-01-17T09:41:43+01,44.015959,-29999.0,mA,7.567,mA
2023-01-17T09:41:43+01,44.059879,-29999.0,mA,7.566,mA
2023-01-17T09:41:43+01,44.09106,-29999.0,mA,7.566,mA
2023-01-17T09:41:43+01,44.106309,-29999.0,mA,7.566,mA
2023-01-17T09:41:43+01,44.137136,-29999.0,mA,7.566,mA
2023-01-17T09:41:43+01,44.152944,-29999.0,mA,7.566,mA
2023-01-17T09:41:43+01,44.183383,-29999.0,mA,7.566,mA
2023-01-17T09:41:43+01,44.199346,-29999.0,mA,7.567,mA
